Year,Región,Value
2010,Asturias,8.6161
2011,Asturias,10.7369
2012,Asturias,11.8101
2013,Asturias,13.6326
2014,Asturias,14.5176
2015,Asturias,15.7061
2016,Asturias,12.158
2017,Asturias,12.3269
2018,Asturias,13.215116347384
2019,Asturias,19.4617987280403
2020,Asturias,21.4
2010,España,17.63
2011,España,17.82
2012,España,18.98
2013,España,18.69
2014,España,19.88
2015,España,19.51
2016,España,19.81
2017,España,19.69
2018,España,19.14
2019,España,18.59
2020,España,18.65
