Year,Región,Value
2010,Asturias,0.278767661092862
2011,Asturias,0.0
2012,Asturias,0.186796128837026
2013,Asturias,0.0
2014,Asturias,0.0
2015,Asturias,0.095781495589741
2016,Asturias,0.192861985070554
2017,Asturias,0.0
2018,Asturias,0.0
2019,Asturias,0.0
2020,Asturias,0.0984781191467068
2010,España,0.15
2011,España,0.11
2012,España,0.12
2013,España,0.1
2014,España,0.06
2015,España,0.17
2016,España,0.12
2017,España,0.12
2018,España,0.22
2019,España,0.16
2020,España,0.12
