Year,Región,Value
2011,Asturias,2.1703108872096
2012,Asturias,0.332533630418785
2013,Asturias,-1.7357051398192
2014,Asturias,-1.79358149744075
2015,Asturias,-2.39268215437928
2016,Asturias,1.41740388348075
2017,Asturias,1.05410613504866
2018,Asturias,2.53536112738597
2019,Asturias,2.91643068926992
2020,Asturias,-0.312901593262682
2015,España,-1.15
2016,España,0.0
2017,España,1.1
2018,España,2.35
2019,España,2.49
2020,España,-0.18
