Year,Región,Value
2013,Asturias,-1.15252445651033
2014,Asturias,-2.28582833129712
2015,Asturias,-1.91825164208758
2016,Asturias,0.472631522432487
2017,Asturias,0.797906795940628
2018,Asturias,1.51271900090397
2019,Asturias,2.16530860264905
2020,Asturias,2.27288205074663
2015,España,-1.58
2016,España,-0.28
2017,España,0.51
2018,España,1.62
2019,España,2.37
2020,España,3.36
