Year,Región,Value
2013,Asturias,-1.63771880266527
2014,Asturias,-4.28812996154676
2015,Asturias,-3.51449206185376
2016,Asturias,0.142464622049032
2017,Asturias,0.908836344174002
2018,Asturias,2.2897579426379
2019,Asturias,0.925000730243619
2020,Asturias,0.328302949008963
2015,España,-2.59
2016,España,-0.86
2017,España,0.56
2018,España,2.27
2019,España,3.73
2020,España,4.69
