Year,Región,Value
2010,Asturias,15.7035
2011,Asturias,15.7047
2012,Asturias,4.9098
2013,Asturias,20.9678
2014,Asturias,15.0351
2015,Asturias,17.9712
2016,Asturias,20.2216
2017,Asturias,12.3697
2018,Asturias,18.2324
2019,Asturias,22.921281806481
2020,Asturias,19.7409930245904
2010,España,21.81
2011,España,16.05
2012,España,12.05
2013,España,16.74
2014,España,17.05
2015,España,15.18
2016,España,15.89
2017,España,11.54
2018,España,15.94
2019,España,14.7
2020,España,19.71
