{"Year":[2010,2011,2012,2013,2014,2015,2016,2017,2018,2010,2011,2012,2013,2014,2015,2016,2017,2018,2019],"Regi\u00f3n":["Asturias","Asturias","Asturias","Asturias","Asturias","Asturias","Asturias","Asturias","Asturias","Espa\u00f1a","Espa\u00f1a","Espa\u00f1a","Espa\u00f1a","Espa\u00f1a","Espa\u00f1a","Espa\u00f1a","Espa\u00f1a","Espa\u00f1a","Espa\u00f1a"],"Value":[573.989118769,537.0500244625,499.9308854323,489.4297393538,497.9583704912,519.4067677289,518.7457027939,516.0536451663,489.1006764357,523.6,498.16,478.89,467.57,459.12,466.41,471.01,483.86,485.93,483.7]}