Year,Región,Value
2010,Asturias,20.3704822215924
2011,Asturias,22.0078986972544
2012,Asturias,23.3448462014073
2013,Asturias,22.8113666404813
2014,Asturias,23.4540728231789
2015,Asturias,28.5917342484936
2016,Asturias,23.5947352535315
2017,Asturias,25.0234719448363
2018,Asturias,23.4448228457164
2019,Asturias,18.9708432716788
2010,España,7.82
2011,España,7.78
2012,España,7.62
2013,España,7.08
2014,España,7.17
2015,España,7.44
2016,España,7.2
2017,España,7.48
2018,España,7.34
2019,España,6.9
