{"Year":[2010,2011,2012,2013,2014,2015,2016,2017,2018,2019,2010,2011,2012,2013,2014,2015,2016,2017,2018,2019],"Regi\u00f3n":["Asturias","Asturias","Asturias","Asturias","Asturias","Asturias","Asturias","Asturias","Asturias","Asturias","Espa\u00f1a","Espa\u00f1a","Espa\u00f1a","Espa\u00f1a","Espa\u00f1a","Espa\u00f1a","Espa\u00f1a","Espa\u00f1a","Espa\u00f1a","Espa\u00f1a"],"Value":[20.3704822216,22.0078986973,23.3448462014,22.8113666405,23.4540728232,28.5917342485,23.5947352535,25.0234719448,23.4448228457,18.9708432717,7.82,7.78,7.62,7.08,7.17,7.44,7.2,7.48,7.34,6.9]}