Year,Región,Value
2020,Asturias,0.994122973536203
2021,Asturias,0.997472881229543
2020,España,0.99
2021,España,1.01
