{"Year":[2010,2011,2012,2013,2014,2015,2016,2017,2018,2019,2020,2021,2010,2011,2012,2013,2014,2015,2016,2017,2018,2019,2020,2021],"Regi\u00f3n":["Asturias","Asturias","Asturias","Asturias","Asturias","Asturias","Asturias","Asturias","Asturias","Asturias","Asturias","Asturias","Espa\u00f1a","Espa\u00f1a","Espa\u00f1a","Espa\u00f1a","Espa\u00f1a","Espa\u00f1a","Espa\u00f1a","Espa\u00f1a","Espa\u00f1a","Espa\u00f1a","Espa\u00f1a","Espa\u00f1a"],"Value":[1.437035704,1.4377515511,1.4648490419,1.4536413609,1.4238004261,1.4505235187,1.4751059247,1.4663035418,1.4769575756,1.4733119397,1.4702837423,1.4825007707,1.45,1.46,1.45,1.44,1.44,1.44,1.45,1.45,1.45,1.46,1.46,1.45]}