{"Year":[2010,2011,2012,2013,2014,2015,2016,2017,2018,2019,2020,2021,2010,2011,2012,2013,2014,2015,2016,2017,2018,2019,2020,2021],"Regi\u00f3n":["Asturias","Asturias","Asturias","Asturias","Asturias","Asturias","Asturias","Asturias","Asturias","Asturias","Asturias","Asturias","Espa\u00f1a","Espa\u00f1a","Espa\u00f1a","Espa\u00f1a","Espa\u00f1a","Espa\u00f1a","Espa\u00f1a","Espa\u00f1a","Espa\u00f1a","Espa\u00f1a","Espa\u00f1a","Espa\u00f1a"],"Value":[0.8933701842,0.9048551873,0.9079726744,0.9509589961,0.9510524171,0.9489956926,0.9541124166,0.9563246236,0.9535998787,0.9448700834,0.9440754024,0.9667734984,0.86,0.87,0.92,0.92,0.93,0.93,0.94,0.94,0.95,0.95,0.96,0.96]}