{"Year":[2010,2011,2012,2013,2014,2015,2016,2017,2018,2019,2010,2011,2012,2013,2014,2015,2016,2017,2018,2019],"Regi\u00f3n":["Asturias","Asturias","Asturias","Asturias","Asturias","Asturias","Asturias","Asturias","Asturias","Asturias","Espa\u00f1a","Espa\u00f1a","Espa\u00f1a","Espa\u00f1a","Espa\u00f1a","Espa\u00f1a","Espa\u00f1a","Espa\u00f1a","Espa\u00f1a","Espa\u00f1a"],"Value":[36.4525997337,55.6449282181,65.5970828997,57.9294437595,57.8074599115,57.9186752388,57.3537300641,58.1286130094,56.035659642,59.9537654412,41.08,56.55,58.88,53.33,52.67,54.19,57.82,60.42,60.48,60.47]}