{"Year":[2013,2014,2015,2016,2017,2018,2019,2013,2014,2015,2016,2017,2018,2019,2020],"Regi\u00f3n":["Asturias","Asturias","Asturias","Asturias","Asturias","Asturias","Asturias","Espa\u00f1a","Espa\u00f1a","Espa\u00f1a","Espa\u00f1a","Espa\u00f1a","Espa\u00f1a","Espa\u00f1a","Espa\u00f1a"],"Value":[0.3290126703,0.3125169103,0.3209009212,0.3311610957,0.3401653188,0.3449999425,0.36710678,0.6,0.57,0.58,0.6,0.62,0.64,0.68,0.73]}