Year,Región,Value
2013,Asturias,0.329012670300959
2014,Asturias,0.312516910339209
2015,Asturias,0.320900921205427
2016,Asturias,0.331161095685567
2017,Asturias,0.340165318826665
2018,Asturias,0.344999942466516
2019,Asturias,0.367106779953212
2013,España,0.6
2014,España,0.57
2015,España,0.58
2016,España,0.6
2017,España,0.62
2018,España,0.64
2019,España,0.68
2020,España,0.73
