{"Year":[2010,2011,2012,2013,2014,2015,2016,2017,2018,2019,2020,2010,2011,2012,2013,2014,2015,2016,2017,2018,2019,2020],"Regi\u00f3n":["Asturias","Asturias","Asturias","Asturias","Asturias","Asturias","Asturias","Asturias","Asturias","Asturias","Asturias","Espa\u00f1a","Espa\u00f1a","Espa\u00f1a","Espa\u00f1a","Espa\u00f1a","Espa\u00f1a","Espa\u00f1a","Espa\u00f1a","Espa\u00f1a","Espa\u00f1a","Espa\u00f1a"],"Value":[-14.67003,25.15981,286.81875,-1.66392,8.85324,3.70678,-3.35569,3.52,0.00361,0.0,25.27689,8237.29,12447.35,1852.36,9276.02,8365.11,6573.58,9101.97,9274.42,8281.39,3697.69,6523.52]}