{"Year":[2010,2011,2012,2013,2014,2015,2016,2017,2018,2019,2010,2011,2012,2013,2014,2015,2016,2017,2018,2019,2020],"Regi\u00f3n":["Asturias","Asturias","Asturias","Asturias","Asturias","Asturias","Asturias","Asturias","Asturias","Asturias","Espa\u00f1a","Espa\u00f1a","Espa\u00f1a","Espa\u00f1a","Espa\u00f1a","Espa\u00f1a","Espa\u00f1a","Espa\u00f1a","Espa\u00f1a","Espa\u00f1a","Espa\u00f1a"],"Value":[-0.0645302065,0.1124439374,1.3424798381,-0.00802014,0.042866815,0.0173436187,-0.0154681108,0.0155803586,0.0000155211,0.0,0.77,1.17,0.18,0.91,0.81,0.61,0.82,0.8,0.69,0.3,0.58]}