{"Year":[2010,2011,2012,2013,2014,2015,2016,2017,2018,2019,2020,2010,2011,2012,2013,2014,2015,2016,2017,2018,2019,2020],"Regi\u00f3n":["Asturias","Asturias","Asturias","Asturias","Asturias","Asturias","Asturias","Asturias","Asturias","Asturias","Asturias","Espa\u00f1a","Espa\u00f1a","Espa\u00f1a","Espa\u00f1a","Espa\u00f1a","Espa\u00f1a","Espa\u00f1a","Espa\u00f1a","Espa\u00f1a","Espa\u00f1a","Espa\u00f1a"],"Value":[-14.67003,25.15981,286.81875,-1.66392,8.85324,3.70678,-3.35569,3.52,0.00361,0.0,25.27689,8237.24,12434.3,1848.79,9273.79,8355.23,6550.32,9089.62,9235.61,9683.02,3884.99,7412.13]}