Year,Región,Value
2010,Asturias,-14.67003
2011,Asturias,25.15981
2012,Asturias,286.81875
2013,Asturias,-1.66392
2014,Asturias,8.85324
2015,Asturias,3.70678
2016,Asturias,-3.35569
2017,Asturias,3.52
2018,Asturias,0.00361
2019,Asturias,0.0
2020,Asturias,25.27689
2010,España,8237.24
2011,España,12434.3
2012,España,1848.79
2013,España,9273.79
2014,España,8355.23
2015,España,6550.32
2016,España,9089.62
2017,España,9235.61
2018,España,9683.02
2019,España,3884.99
2020,España,7412.13
