{"Year":[2011,2012,2017,2011,2012,2017],"Regi\u00f3n":["Asturias","Asturias","Asturias","Espa\u00f1a","Espa\u00f1a","Espa\u00f1a"],"Value":[37.6257044822,37.6257044822,37.7048061865,41.05,41.05,41.87]}