Year,Regi칩n,Value
2011,Asturias,37.6257044821747
2012,Asturias,37.6257044821747
2017,Asturias,37.7048061864624
2011,Espa침a,41.05
2012,Espa침a,41.05
2017,Espa침a,41.87
