{"Year":[2010,2011,2012,2013,2014,2015,2016,2017,2018,2019,2020,2010,2011,2012,2013,2014,2015,2016,2017,2018,2019,2020],"Regi\u00f3n":["Asturias","Asturias","Asturias","Asturias","Asturias","Asturias","Asturias","Asturias","Asturias","Asturias","Asturias","Espa\u00f1a","Espa\u00f1a","Espa\u00f1a","Espa\u00f1a","Espa\u00f1a","Espa\u00f1a","Espa\u00f1a","Espa\u00f1a","Espa\u00f1a","Espa\u00f1a","Espa\u00f1a"],"Value":[4.244809068,5.0293660986,5.2104831092,5.2497908816,3.765312358,2.7904821117,2.6859406655,2.9774806701,2.8769958248,3.0767443204,2.8479629261,6.53,7.24,7.11,6.52,6.75,7.79,7.99,8.21,8.88,9.32,9.65]}