{"Year":[2010,2011,2012,2013,2014,2015,2016,2017,2018,2019,2020,2010,2011,2012,2013,2014,2015,2016,2017,2018,2019,2020],"Regi\u00f3n":["Asturias","Asturias","Asturias","Asturias","Asturias","Asturias","Asturias","Asturias","Asturias","Asturias","Asturias","Espa\u00f1a","Espa\u00f1a","Espa\u00f1a","Espa\u00f1a","Espa\u00f1a","Espa\u00f1a","Espa\u00f1a","Espa\u00f1a","Espa\u00f1a","Espa\u00f1a","Espa\u00f1a"],"Value":[31.5936682572,38.22850414,30.8213612581,27.7533433371,27.7024078326,28.0639782078,27.7721258502,25.4380539695,31.2441417234,28.528320976,34.1719073439,21.04,21.39,21.36,20.16,20.72,21.94,20.04,21.0,21.23,20.47,23.86]}