{"Year":[2014,2015,2016,2017,2018,2019,2020,2014,2015,2016,2017,2018,2019,2020,2014,2015,2016,2017,2018,2019,2020,2015,2016,2017,2018,2019,2015,2016,2017,2018,2019,2015,2016,2017,2018,2019],"Regi\u00f3n":["Asturias","Asturias","Asturias","Asturias","Asturias","Asturias","Asturias","Asturias","Asturias","Asturias","Asturias","Asturias","Asturias","Asturias","Asturias","Asturias","Asturias","Asturias","Asturias","Asturias","Asturias","Espa\u00f1a","Espa\u00f1a","Espa\u00f1a","Espa\u00f1a","Espa\u00f1a","Espa\u00f1a","Espa\u00f1a","Espa\u00f1a","Espa\u00f1a","Espa\u00f1a","Espa\u00f1a","Espa\u00f1a","Espa\u00f1a","Espa\u00f1a","Espa\u00f1a"],"Sexo":[null,null,null,null,null,null,null,"Hombre","Hombre","Hombre","Hombre","Hombre","Hombre","Hombre","Mujer","Mujer","Mujer","Mujer","Mujer","Mujer","Mujer",null,null,null,null,null,"Hombre","Hombre","Hombre","Hombre","Hombre","Mujer","Mujer","Mujer","Mujer","Mujer"],"Value":[14.5153027342,7.7583011428,20.8290943876,19.8067290449,13.9622258327,11.4701496707,47.1710190713,24.1792435068,13.4137356653,34.6783282626,34.9292479652,24.3051584124,19.4810254812,85.3082326566,4.18566138,2.57090652,8.1327110577,5.953167178,4.4894721877,4.132347831,12.2605653064,101.93,98.25,100.57,102.66,106.22,173.75,167.19,171.11,174.12,179.55,32.2,31.53,32.43,33.74,35.54]}