{"Year":[2010,2011,2012,2013,2014,2015,2016,2017,2018,2019,2010,2011,2012,2013,2014,2015,2016,2017,2018,2019,2020],"Regi\u00f3n":["Asturias","Asturias","Asturias","Asturias","Asturias","Asturias","Asturias","Asturias","Asturias","Asturias","Espa\u00f1a","Espa\u00f1a","Espa\u00f1a","Espa\u00f1a","Espa\u00f1a","Espa\u00f1a","Espa\u00f1a","Espa\u00f1a","Espa\u00f1a","Espa\u00f1a","Espa\u00f1a"],"Value":[7.1550366347,4.9297097796,5.0434954786,4.7980356278,4.5538204656,3.9270413192,3.9536706939,4.369131407,4.7842592014,3.5292768218,5.02,4.53,4.09,3.88,4.03,4.05,4.07,4.18,4.06,3.91,3.09]}