{"Year":[2010,2011,2012,2013,2014,2015,2016,2017,2018,2019,2010,2011,2012,2013,2014,2015,2016,2017,2018,2019,2020],"Regi\u00f3n":["Asturias","Asturias","Asturias","Asturias","Asturias","Asturias","Asturias","Asturias","Asturias","Asturias","Espa\u00f1a","Espa\u00f1a","Espa\u00f1a","Espa\u00f1a","Espa\u00f1a","Espa\u00f1a","Espa\u00f1a","Espa\u00f1a","Espa\u00f1a","Espa\u00f1a","Espa\u00f1a"],"Value":[0.2287413507,0.2261803789,0.1119883532,0.0550903482,0.1626545218,0.2136295663,0.0,0.1035893717,0.0507536923,0.14859577,0.12,0.14,0.13,0.13,0.12,0.09,0.1,0.1,0.06,0.07,0.05]}