{"Year":[2015,2016,2017,2018,2019,2020,2015,2016,2017,2018,2019,2020],"Regi\u00f3n":["Asturias","Asturias","Asturias","Asturias","Asturias","Asturias","Espa\u00f1a","Espa\u00f1a","Espa\u00f1a","Espa\u00f1a","Espa\u00f1a","Espa\u00f1a"],"Value":[2.91782,1.90577,0.0,0.02116,0.37004,0.1736421196,0.57,0.54,0.14,0.16,0.2,0.42]}