{"Year":[2010,2011,2012,2013,2014,2015,2016,2017,2018,2019,2020,2010,2011,2012,2013,2014,2015,2016,2017,2018,2019,2020],"Regi\u00f3n":["Asturias","Asturias","Asturias","Asturias","Asturias","Asturias","Asturias","Asturias","Asturias","Asturias","Asturias","Espa\u00f1a","Espa\u00f1a","Espa\u00f1a","Espa\u00f1a","Espa\u00f1a","Espa\u00f1a","Espa\u00f1a","Espa\u00f1a","Espa\u00f1a","Espa\u00f1a","Espa\u00f1a"],"Value":[3.8897473826,4.9831968325,4.5752648577,6.9226564661,5.6679151847,6.1876270532,9.1240655652,7.9157097616,8.0692556333,7.5456489128,8.2355374341,5.72,5.65,5.62,5.91,6.41,7.01,7.28,7.08,7.05,7.87,8.54]}