Year,Regi칩n,Value
2017,Asturias,94.2667089008552
2018,Asturias,94.5318972659486
2017,Espa침a,88.46
2018,Espa침a,94.79
2019,Espa침a,94.42
