{"Year":[2017,2018,2017,2018,2019],"Regi\u00f3n":["Asturias","Asturias","Espa\u00f1a","Espa\u00f1a","Espa\u00f1a"],"Value":[94.2667089009,94.5318972659,88.46,94.79,94.42]}