Year,Región,Value
2017,Asturias,82.5159914712154
2018,Asturias,72.2222222222222
2020,Asturias,33.256763654926
2017,España,77.78
2018,España,79.41
2019,España,80.21
2020,España,81.79
