Year,Regi칩n,Value
2017,Asturias,82.5159914712154
2018,Asturias,72.2222222222222
2020,Asturias,33.256763654926
2017,Espa침a,81.84
2018,Espa침a,79.41
2019,Espa침a,78.99
