{"Year":[2017,2018,2020,2017,2018,2019],"Regi\u00f3n":["Asturias","Asturias","Asturias","Espa\u00f1a","Espa\u00f1a","Espa\u00f1a"],"Value":[89.6206533193,90.218198011,90.0045433894,93.14,94.45,94.26]}