Year,Región,Value
2017,Asturias,94.2667089008552
2018,Asturias,94.5318972659486
2020,Asturias,95.1864273032156
2017,España,88.46
2018,España,94.79
2019,España,94.42
2020,España,93.71
