Year,Regi칩n,Value
2017,Asturias,89.6206533192835
2018,Asturias,90.2181980109841
2017,Espa침a,93.14
2018,Espa침a,94.45
2019,Espa침a,94.26
