{"Year":[2010,2011,2012,2013,2014,2015,2016,2017,2018,2019,2020,2010,2011,2012,2013,2014,2015,2016,2017,2018,2019,2020],"Regi\u00f3n":["Asturias","Asturias","Asturias","Asturias","Asturias","Asturias","Asturias","Asturias","Asturias","Asturias","Asturias","Espa\u00f1a","Espa\u00f1a","Espa\u00f1a","Espa\u00f1a","Espa\u00f1a","Espa\u00f1a","Espa\u00f1a","Espa\u00f1a","Espa\u00f1a","Espa\u00f1a","Espa\u00f1a"],"Value":[59.9882700346,60.2622721315,58.1662143356,57.612313794,64.0266698416,66.3352306842,68.9467135013,70.8527632675,71.9033853288,73.4616483086,75.3589768395,56.34,57.31,56.61,57.09,59.0,61.07,62.61,64.26,65.57,66.78,68.57]}