{"Year":[2011,2016,2011,2016],"Regi\u00f3n":["Asturias","Asturias","Espa\u00f1a","Espa\u00f1a"],"Value":[42.2645263002,43.3872341791,41.29,47.72]}