Year,Región,Value
2011,Asturias,42.2645263002026
2016,Asturias,43.3872341791176
2011,España,41.29
2016,España,47.72
