{"Year":[2015,2016,2017,2019,2020,2021,2015,2016,2017,2019,2020,2021],"Regi\u00f3n":["Asturias","Asturias","Asturias","Asturias","Asturias","Asturias","Espa\u00f1a","Espa\u00f1a","Espa\u00f1a","Espa\u00f1a","Espa\u00f1a","Espa\u00f1a"],"Value":[57.0168246092,58.2257609436,61.6660723364,66.7894953192,63.9915513917,64.5619795724,61.28,61.41,64.11,67.48,69.68,73.39]}