{"Year":[2010,2011,2012,2013,2014,2015,2016,2017,2018,2019,2020,2010,2011,2012,2013,2014,2015,2016,2017,2018,2019],"Regi\u00f3n":["Asturias","Asturias","Asturias","Asturias","Asturias","Asturias","Asturias","Asturias","Asturias","Asturias","Asturias","Espa\u00f1a","Espa\u00f1a","Espa\u00f1a","Espa\u00f1a","Espa\u00f1a","Espa\u00f1a","Espa\u00f1a","Espa\u00f1a","Espa\u00f1a","Espa\u00f1a"],"Value":[0.8018931799,0.6414571595,0.7300007183,0.858607466,0.8801902503,1.0531934293,0.8523744209,0.635132698,0.7661721209,0.7744770848,0.6982829697,0.88,0.87,0.86,0.89,0.89,0.88,0.87,0.86,0.86,0.86]}