Year,Región,Value
2011,Asturias,1.07690667115782
2016,Asturias,1.00884901876315
2011,España,0.97
2016,España,0.98
