{"Year":[2011,2016,2011,2016],"Regi\u00f3n":["Asturias","Asturias","Espa\u00f1a","Espa\u00f1a"],"Value":[1.0769066712,1.0088490188,0.97,0.98]}