Year,Regi칩n,Sexo,Value
2012,Asturias,,76.7335621519625
2012,Asturias,Hombre,80.2593571538844
2012,Asturias,Mujer,73.3108850129075
2012,Espa침a,,72.3
2012,Espa침a,Hombre,73.49
2012,Espa침a,Mujer,71.1
