Year,Regi칩n,Sexo,Value
2010,Asturias,,181.53198898288
2010,Asturias,Hombre,107.424359285528
2010,Asturias,Mujer,248.800547323877
2010,Espa침a,,182.0
2010,Espa침a,Hombre,114.0
2010,Espa침a,Mujer,247.0
