{"Year":[2010,2010,2010,2010,2010,2010],"Regi\u00f3n":["Asturias","Asturias","Asturias","Espa\u00f1a","Espa\u00f1a","Espa\u00f1a"],"Sexo":[null,"Hombre","Mujer",null,"Hombre","Mujer"],"Value":[181.5319889829,107.4243592855,248.8005473239,182.0,114.0,247.0]}