{"Year":[2011,2012,2013,2014,2015,2016,2017,2018,2019,2020,2011,2012,2013,2014,2015,2016,2017,2018,2019,2020],"Regi\u00f3n":["Asturias","Asturias","Asturias","Asturias","Asturias","Asturias","Asturias","Asturias","Asturias","Asturias","Espa\u00f1a","Espa\u00f1a","Espa\u00f1a","Espa\u00f1a","Espa\u00f1a","Espa\u00f1a","Espa\u00f1a","Espa\u00f1a","Espa\u00f1a","Espa\u00f1a"],"Value":[35.2927229046,23.588113528,30.9596699745,38.9088143331,47.3481711649,41.9872711616,37.4702625274,36.0660486674,36.3987195096,48.8808182678,29.95,30.21,30.76,30.88,31.38,32.2,30.59,32.13,33.23,34.97]}