Year,Región,Value
2010,Asturias,41.4345814051325
2011,Asturias,41.4483040227538
2012,Asturias,41.747044849595
2013,Asturias,41.9070143054915
2014,Asturias,41.9917570623086
2015,Asturias,41.9119305367614
2016,Asturias,42.1205424845097
2017,Asturias,42.1340331748057
2018,Asturias,42.1296296296296
2010,España,35.18
2011,España,35.57
2012,España,35.88
2013,España,36.25
2014,España,36.6
2015,España,36.79
2016,España,37.1
2017,España,37.2
2018,España,37.47
2019,España,37.67
