Year,Región,Value
2009,Asturias,46.1925866236906
2013,Asturias,43.7679884561789
2016,Asturias,37.8290585169348
2013,España,28.09
2016,España,24.17
