{"Year":[2009,2013,2016,2013,2016],"Regi\u00f3n":["Asturias","Asturias","Asturias","Espa\u00f1a","Espa\u00f1a"],"Value":[47.9755240203,51.5486725664,50.2348727966,32.68,32.42]}