Year,Región,Value
2009,Asturias,48.8122845502977
2013,Asturias,53.7930375269571
2016,Asturias,56.2269724445074
2013,España,33.68
2016,España,34.74
