Year,Región,Sexo,Value
2009,Asturias,,55.7968908906
2013,Asturias,,58.5598424584769
2016,Asturias,,58.5331990308442
2009,Asturias,Hombre,50.4672897196262
2013,Asturias,Hombre,49.9589378592937
2016,Asturias,Hombre,49.9719783299085
2009,Asturias,Mujer,63.0129958960328
2013,Asturias,Mujer,69.8650674662669
2016,Asturias,Mujer,70.4980092683245
2013,España,,43.74
2016,España,,44.88
2013,España,Hombre,45.03
2016,España,Hombre,44.08
2013,España,Mujer,41.31
2016,España,Mujer,46.64
