{"Year":[2009,2013,2016,2013,2016],"Regi\u00f3n":["Asturias","Asturias","Asturias","Espa\u00f1a","Espa\u00f1a"],"Value":[46.1925866237,43.7679884562,37.8290585169,28.09,24.17]}