{"Year":[2010,2011,2012,2013,2014,2015,2017,2019,2020,2021,2010,2011,2012,2013,2014,2015,2017,2019,2020,2021,2010,2011,2012,2013,2014,2015,2017,2019,2020,2021,2010,2011,2012,2013,2014,2015,2017,2019,2020,2021,2010,2011,2012,2013,2014,2015,2017,2019,2020,2021,2010,2011,2012,2013,2014,2015,2017,2019,2020,2021],"Regi\u00f3n":["Asturias","Asturias","Asturias","Asturias","Asturias","Asturias","Asturias","Asturias","Asturias","Asturias","Asturias","Asturias","Asturias","Asturias","Asturias","Asturias","Asturias","Asturias","Asturias","Asturias","Asturias","Asturias","Asturias","Asturias","Asturias","Asturias","Asturias","Asturias","Asturias","Asturias","Espa\u00f1a","Espa\u00f1a","Espa\u00f1a","Espa\u00f1a","Espa\u00f1a","Espa\u00f1a","Espa\u00f1a","Espa\u00f1a","Espa\u00f1a","Espa\u00f1a","Espa\u00f1a","Espa\u00f1a","Espa\u00f1a","Espa\u00f1a","Espa\u00f1a","Espa\u00f1a","Espa\u00f1a","Espa\u00f1a","Espa\u00f1a","Espa\u00f1a","Espa\u00f1a","Espa\u00f1a","Espa\u00f1a","Espa\u00f1a","Espa\u00f1a","Espa\u00f1a","Espa\u00f1a","Espa\u00f1a","Espa\u00f1a","Espa\u00f1a"],"Sexo":[null,null,null,null,null,null,null,null,null,null,"Hombre","Hombre","Hombre","Hombre","Hombre","Hombre","Hombre","Hombre","Hombre","Hombre","Mujer","Mujer","Mujer","Mujer","Mujer","Mujer","Mujer","Mujer","Mujer","Mujer",null,null,null,null,null,null,null,null,null,null,"Hombre","Hombre","Hombre","Hombre","Hombre","Hombre","Hombre","Hombre","Hombre","Hombre","Mujer","Mujer","Mujer","Mujer","Mujer","Mujer","Mujer","Mujer","Mujer","Mujer"],"Value":[90.9486829996,91.8310963113,93.4020640535,92.9796008876,93.7844831207,94.4244048675,96.3723842518,96.6198770114,99.0890618283,98.8167786636,90.5001825916,92.3482828664,93.2201539865,92.6459366148,90.8038038098,91.9689691728,95.9510541629,95.5465145461,99.2507202929,99.1750055224,91.3838032763,91.3297963061,93.5782817889,93.3022315336,96.6619263194,96.7875645193,96.776823335,97.6487010802,98.9343388395,98.4739311738,92.2953541154,92.7855252972,94.38,94.18,95.01,95.45,96.16,96.92,98.89,99.17,92.4144801233,93.3778118657,94.65,94.01,94.68,95.38,96.21,96.73,98.86,99.12,92.1756444347,92.1916527908,94.1,94.35,95.33,95.52,96.11,97.12,98.91,99.23]}