{"Year":[2010,2011,2012,2013,2014,2015,2016,2017,2018,2019,2020,2010,2011,2012,2013,2014,2015,2016,2017,2018,2019,2020],"Regi\u00f3n":["Asturias","Asturias","Asturias","Asturias","Asturias","Asturias","Asturias","Asturias","Asturias","Asturias","Asturias","Espa\u00f1a","Espa\u00f1a","Espa\u00f1a","Espa\u00f1a","Espa\u00f1a","Espa\u00f1a","Espa\u00f1a","Espa\u00f1a","Espa\u00f1a","Espa\u00f1a","Espa\u00f1a"],"Value":[4.0266405054,0.2003208479,1.4015007758,1.3402846957,-0.6075901577,1.2967740189,-0.0292607887,1.6755538258,-0.7540562355,0.3775337134,1.016322948,2.54,1.48,1.93,1.44,0.3,0.79,0.45,0.87,-0.22,0.17,-0.28]}