{"Year":[2010,2011,2012,2013,2014,2015,2016,2017,2018,2019,2020,2010,2011,2012,2013,2014,2015,2016,2017,2018,2019,2020,2021],"Regi\u00f3n":["Asturias","Asturias","Asturias","Asturias","Asturias","Asturias","Asturias","Asturias","Asturias","Asturias","Asturias","Espa\u00f1a","Espa\u00f1a","Espa\u00f1a","Espa\u00f1a","Espa\u00f1a","Espa\u00f1a","Espa\u00f1a","Espa\u00f1a","Espa\u00f1a","Espa\u00f1a","Espa\u00f1a","Espa\u00f1a"],"Value":[3.5995222304,0.0030320904,0.4151702089,0.3885151103,0.4698032722,0.9093877155,0.9462678666,-0.1291945245,-0.5954753837,-0.5131417283,-5.8463774237,1.94,1.77,1.1,1.03,0.34,1.01,0.88,0.33,0.08,-0.7,-6.99,2.7]}