{"Year":[2016,2017,2018,2019,2020,2021,2016,2017,2018,2019,2020,2021,2016,2017,2018,2019,2020,2016,2017,2018,2019,2020],"Regi\u00f3n":["Asturias","Asturias","Asturias","Asturias","Asturias","Asturias","Asturias","Asturias","Asturias","Asturias","Asturias","Asturias","Espa\u00f1a","Espa\u00f1a","Espa\u00f1a","Espa\u00f1a","Espa\u00f1a","Espa\u00f1a","Espa\u00f1a","Espa\u00f1a","Espa\u00f1a","Espa\u00f1a"],"Value":[19.347913378,21.8825033764,19.4658433184,20.9958991764,14.8405678642,16.8608420879,14.3518853706,15.5415858782,13.848580149,15.3419359456,9.7391304776,12.3716633115,26.63,27.86,27.02,26.43,12.65,12.78,13.62,13.2,12.61,3.12]}