Year,Región,Value
2016,Asturias,38.4751463425313
2017,Asturias,41.0538299698791
2018,Asturias,38.2087411950765
2019,Asturias,41.4268887719507
2020,Asturias,51.2399764197013
2021,Asturias,48.4363338304342
2016,España,33.01
2017,España,32.45
2018,España,31.27
2019,España,31.14
2020,España,41.57
