Year,Región,Value
2010,Asturias,156.54519384
2011,Asturias,145.82986227
2012,Asturias,64.08155704
2013,Asturias,74.55642361
2014,Asturias,75.14476347
2015,Asturias,67.65878186
2016,Asturias,54.41482186
2017,Asturias,66.76442554
2018,Asturias,69.26670491
2019,Asturias,96.14949069
2010,España,4994.44
2011,España,4642.07
2012,España,4004.13
2013,España,2799.03
2014,España,2975.23
2015,España,3089.97
2016,España,3127.38
2017,España,3654.89
2018,España,3752.89
2019,España,4133.64
