Year,Región,Value
2010,Asturias,3.69045534138881
2011,Asturias,3.53535129579384
2012,Asturias,1.58597083322894
2013,Asturias,2.00916226501618
2014,Asturias,1.99795623764764
2015,Asturias,1.7637530106338
2016,Asturias,1.37825951326183
2017,Asturias,1.65513793993707
2018,Asturias,1.62228439188099
2019,Asturias,2.23575520550377
2010,España,3.01
2011,España,2.85
2012,España,2.34
2013,España,1.73
2014,España,1.76
2015,España,1.81
2016,España,1.85
2017,España,2.08
2018,España,1.98
2019,España,2.07
