{"Year":[2010,2011,2012,2013,2014,2015,2016,2017,2018,2019,2020,2010,2011,2012,2013,2014,2015,2016,2017,2018,2019,2020,2021],"Regi\u00f3n":["Asturias","Asturias","Asturias","Asturias","Asturias","Asturias","Asturias","Asturias","Asturias","Asturias","Asturias","Espa\u00f1a","Espa\u00f1a","Espa\u00f1a","Espa\u00f1a","Espa\u00f1a","Espa\u00f1a","Espa\u00f1a","Espa\u00f1a","Espa\u00f1a","Espa\u00f1a","Espa\u00f1a","Espa\u00f1a"],"Value":[2823.3080641751,2674.269913124,2416.9072198808,2426.8202393501,2394.6114675321,2499.3884351507,2486.1408143212,2650.1253688275,2659.9364533213,2663.0915376765,2240.8272240791,2671.08,2618.51,2463.77,2447.71,2505.82,2623.82,2682.66,2829.62,2785.41,2781.13,2432.35,2577.04]}