{"Year":[2010,2011,2012,2013,2014,2015,2016,2017,2018,2019,2010,2011,2012,2013,2014,2015,2016,2017,2018,2019],"Regi\u00f3n":["Asturias","Asturias","Asturias","Asturias","Asturias","Asturias","Asturias","Asturias","Asturias","Asturias","Espa\u00f1a","Espa\u00f1a","Espa\u00f1a","Espa\u00f1a","Espa\u00f1a","Espa\u00f1a","Espa\u00f1a","Espa\u00f1a","Espa\u00f1a","Espa\u00f1a"],"Value":[14.2860743964,16.479905067,18.5019809986,13.5726201669,15.0814540381,15.0491358657,13.9418912159,14.2095339305,13.9602952744,14.0739083009,18.74,18.46,18.12,18.04,16.57,15.92,14.23,14.13,13.53,13.08]}