Year,Región,Value
2010,Asturias,0.869297597641396
2011,Asturias,0.962708768906281
2012,Asturias,1.068027483211
2013,Asturias,1.06502201324618
2014,Asturias,1.09175277168846
2015,Asturias,1.30054141441012
2016,Asturias,1.034045407913
2017,Asturias,1.07607792238656
2018,Asturias,0.981967759275234
2019,Asturias,0.776161083415124
2010,España,0.27
2011,España,0.27
2012,España,0.27
2013,España,0.25
2014,España,0.25
2015,España,0.26
2016,España,0.24
2017,España,0.25
2018,España,0.24
2019,España,0.22
