Year,Región,Value
2010,Asturias,2.62899125357061
2011,Asturias,2.67219433474852
2012,Asturias,2.65448942437224
2013,Asturias,2.8092782506024
2014,Asturias,2.88778216521999
2015,Asturias,2.87996102966992
2016,Asturias,2.78416500454241
2017,Asturias,2.6442388114422
2018,Asturias,2.59377755822254
2019,Asturias,2.56217229512373
2010,España,0.65
2011,España,0.63
2012,España,0.65
2013,España,0.62
2014,España,0.6
2015,España,0.6
2016,España,0.58
2017,España,0.57
2018,España,0.6
2019,España,0.58
