{"Year":[2010,2011,2012,2013,2014,2015,2016,2017,2018,2019,2010,2011,2012,2013,2014,2015,2016,2017,2018,2019,2020],"Regi\u00f3n":["Asturias","Asturias","Asturias","Asturias","Asturias","Asturias","Asturias","Asturias","Asturias","Asturias","Espa\u00f1a","Espa\u00f1a","Espa\u00f1a","Espa\u00f1a","Espa\u00f1a","Espa\u00f1a","Espa\u00f1a","Espa\u00f1a","Espa\u00f1a","Espa\u00f1a","Espa\u00f1a"],"Value":[2389.1930674945,2291.567073853,2107.8376772852,2092.3733692828,1913.9990732334,1930.1217907801,1992.3115878643,2149.3584293113,2236.5314069423,2581.1758177874,2891.88,2786.59,2710.87,2644.69,2631.26,2638.15,2726.24,2862.78,2998.58,3056.42,3069.91]}