{"data":{"Year":[2012,2013,2014,2015,2016,2017,2018,2019,2012,2013,2014,2015,2016,2017,2018,2019],"Region":["Asturias","Asturias","Asturias","Asturias","Asturias","Asturias","Asturias","Asturias","Espa\u00f1a","Espa\u00f1a","Espa\u00f1a","Espa\u00f1a","Espa\u00f1a","Espa\u00f1a","Espa\u00f1a","Espa\u00f1a"],"Value":[33.6642400176,39.6837739762,41.16273034,40.2341803687,41.8863049096,42.0319229795,42.12849436,41.5693601121,30.98,35.35,35.36,35.71,36.97,36.71,36.46,36.44]},"edges":[]}