{"data":{"Year":[2013,2014,2015,2016,2017,2018,2019,2020,2015,2016,2017,2018,2019,2020],"Region":["Asturias","Asturias","Asturias","Asturias","Asturias","Asturias","Asturias","Asturias","Espa\u00f1a","Espa\u00f1a","Espa\u00f1a","Espa\u00f1a","Espa\u00f1a","Espa\u00f1a"],"Value":[-1.6377188027,-4.2881299615,-3.5144920619,0.142464622,0.9088363442,2.2897579426,0.9250007302,0.328302949,-2.59,-0.86,0.56,2.27,3.73,4.69]},"edges":[]}