{"data":{"Year":[2013,2014,2015,2016,2017,2018,2019,2020,2013,2014,2015,2016,2017,2018,2019,2020],"Region":["Asturias","Asturias","Asturias","Asturias","Asturias","Asturias","Asturias","Asturias","Espa\u00f1a","Espa\u00f1a","Espa\u00f1a","Espa\u00f1a","Espa\u00f1a","Espa\u00f1a","Espa\u00f1a","Espa\u00f1a"],"Value":[-1.7289371948,-4.7154921788,-3.6978364535,0.0817415792,0.9901261094,2.5036019588,1.0998933373,0.4277364842,-1.4685183493,-3.1304358161,-2.59,-0.86,0.56,2.27,3.73,4.69]},"edges":[]}