{"data":{"Year":[2014,2015,2016,2017,2018,2019,2014,2015,2016,2017,2018,2019],"Region":["Asturias","Asturias","Asturias","Asturias","Asturias","Asturias","Espa\u00f1a","Espa\u00f1a","Espa\u00f1a","Espa\u00f1a","Espa\u00f1a","Espa\u00f1a"],"Value":[25.6726468277,25.6922534357,28.1813643837,26.2704490571,17.8860557273,20.8860435863,31.31,30.52,33.86,36.11,35.02,37.96]},"edges":[]}