{"data":{"Year":[2010,2011,2012,2013,2014,2015,2016,2017,2018,2019,2020,2021,2010,2011,2012,2013,2014,2015,2016,2017,2018,2019,2020,2021],"Region":["Asturias","Asturias","Asturias","Asturias","Asturias","Asturias","Asturias","Asturias","Asturias","Asturias","Asturias","Asturias","Espa\u00f1a","Espa\u00f1a","Espa\u00f1a","Espa\u00f1a","Espa\u00f1a","Espa\u00f1a","Espa\u00f1a","Espa\u00f1a","Espa\u00f1a","Espa\u00f1a","Espa\u00f1a","Espa\u00f1a"],"Value":[1.0961556012,1.0854256353,1.1089204497,1.1176909033,1.1268891892,1.1463229219,1.1504692698,1.1870504606,1.1879310129,1.1999497036,1.2440467215,1.2489037829,1.28,1.3,1.29,1.3,1.29,1.3,1.3,1.3,1.3,1.32,1.33,1.34]},"edges":[]}