{"data":{"Year":[2010,2011,2012,2013,2014,2015,2016,2017,2018,2019,2020,2021,2010,2011,2012,2013,2014,2015,2016,2017,2018,2019,2020,2021],"Region":["Asturias","Asturias","Asturias","Asturias","Asturias","Asturias","Asturias","Asturias","Asturias","Asturias","Asturias","Asturias","Espa\u00f1a","Espa\u00f1a","Espa\u00f1a","Espa\u00f1a","Espa\u00f1a","Espa\u00f1a","Espa\u00f1a","Espa\u00f1a","Espa\u00f1a","Espa\u00f1a","Espa\u00f1a","Espa\u00f1a"],"Value":[1.5135280878,1.5153816464,1.5265474961,1.5158686937,1.5200971451,1.5330036251,1.5425133614,1.5495343143,1.5607050269,1.5640090625,1.5636932837,1.5772662926,1.43,1.43,1.46,1.46,1.47,1.48,1.48,1.49,1.49,1.5,1.5,1.51]},"edges":[]}