{"data":{"Year":[2010,2011,2012,2013,2014,2015,2016,2017,2018,2019,2020,2010,2011,2012,2013,2014,2015,2016,2017,2018,2019,2020],"Region":["Asturias","Asturias","Asturias","Asturias","Asturias","Asturias","Asturias","Asturias","Asturias","Asturias","Asturias","Espa\u00f1a","Espa\u00f1a","Espa\u00f1a","Espa\u00f1a","Espa\u00f1a","Espa\u00f1a","Espa\u00f1a","Espa\u00f1a","Espa\u00f1a","Espa\u00f1a","Espa\u00f1a"],"Value":[2.0442961813,1.302187489,1.9613593528,1.5052660793,1.9922964537,2.9692263633,2.6036367985,2.7185706532,2.1480347435,2.3528512145,2.658909217,1.14,1.18,1.32,1.46,1.6,1.51,1.58,1.64,1.53,1.61,1.16]},"edges":[]}