{"data":{"Year":[2017,2018,2017,2018,2019],"Region":["Asturias","Asturias","Espa\u00f1a","Espa\u00f1a","Espa\u00f1a"],"Value":[95.2011403231,94.8964374482,94.84,95.55,94.75]},"edges":[]}