{"data":{"Year":[2010,2011,2012,2013,2014,2015,2016,2017,2018,2019,2020,2010,2011,2012,2013,2014,2015,2016,2017,2018,2019,2020],"Region":["Asturias","Asturias","Asturias","Asturias","Asturias","Asturias","Asturias","Asturias","Asturias","Asturias","Asturias","Espa\u00f1a","Espa\u00f1a","Espa\u00f1a","Espa\u00f1a","Espa\u00f1a","Espa\u00f1a","Espa\u00f1a","Espa\u00f1a","Espa\u00f1a","Espa\u00f1a","Espa\u00f1a"],"Value":[68.0090108417,72.4913082643,74.6090757459,74.185274454,76.2604655886,76.1546126891,74.6598927352,76.0330607128,76.0330607128,77.6412564205,78.3587970758,64.55,66.14,68.52,69.98,71.52,72.02,72.98,73.05,73.59,73.37,74.1]},"edges":[]}