{"data":{"Year":[2015,2016,2017,2019,2020,2021,2015,2016,2017,2019,2020,2021],"Region":["Asturias","Asturias","Asturias","Asturias","Asturias","Asturias","Espa\u00f1a","Espa\u00f1a","Espa\u00f1a","Espa\u00f1a","Espa\u00f1a","Espa\u00f1a"],"Value":[60.384329837,61.1712142093,65.0134674849,69.7227042025,66.28646435,66.7694754905,65.23,65.22,67.49,70.76,72.84,76.18]},"edges":[]}