{"data":{"Year":[2012,2012,2012,2012,2012,2012],"Region":["Asturias","Asturias","Asturias","Espa\u00f1a","Espa\u00f1a","Espa\u00f1a"],"Sex":[null,"Hombre","Mujer",null,"Hombre","Mujer"],"Value":[76.733562152,80.2593571539,73.3108850129,72.3,73.49,71.1]},"edges":{"From":["Region"],"To":["Sex"]}}