{"data":{"Year":[2010,2011,2012,2013,2014,2015,2016,2017,2018,2010,2011,2012,2013,2014,2015,2016,2017,2018,2019],"Region":["Asturias","Asturias","Asturias","Asturias","Asturias","Asturias","Asturias","Asturias","Asturias","Espa\u00f1a","Espa\u00f1a","Espa\u00f1a","Espa\u00f1a","Espa\u00f1a","Espa\u00f1a","Espa\u00f1a","Espa\u00f1a","Espa\u00f1a","Espa\u00f1a"],"Value":[41.4345814051,41.4483040228,41.7470448496,41.9070143055,41.9917570623,41.9119305368,42.1205424845,42.1340331748,42.1296296296,35.18,35.57,35.88,36.25,36.6,36.79,37.1,37.2,37.47,37.67]},"edges":[]}