{"data":{"Year":[2010,2011,2012,2013,2014,2015,2016,2017,2018,2019,2020,2011,2012,2013,2014,2015,2016,2017,2018,2019,2020],"Region":["Asturias","Asturias","Asturias","Asturias","Asturias","Asturias","Asturias","Asturias","Asturias","Asturias","Asturias","Espa\u00f1a","Espa\u00f1a","Espa\u00f1a","Espa\u00f1a","Espa\u00f1a","Espa\u00f1a","Espa\u00f1a","Espa\u00f1a","Espa\u00f1a","Espa\u00f1a"],"Value":[34.8609222712,29.8006927885,21.6618233384,30.8649511708,39.3520502675,45.2511141035,41.3826395255,36.4782574864,31.4452612425,35.0775020767,44.7676045964,28.09,28.78,29.34,29.42,30.35,30.31,30.92,31.91,33.73,36.48]},"edges":[]}