{"data":{"Year":[2009,2013,2016,2009,2013,2016,2009,2013,2016,2013,2016,2013,2016,2013,2016],"Region":["Asturias","Asturias","Asturias","Asturias","Asturias","Asturias","Asturias","Asturias","Asturias","Espa\u00f1a","Espa\u00f1a","Espa\u00f1a","Espa\u00f1a","Espa\u00f1a","Espa\u00f1a"],"Sex":[null,null,null,"Hombre","Hombre","Hombre","Mujer","Mujer","Mujer",null,null,"Hombre","Hombre","Mujer","Mujer"],"Value":[55.7968908906,58.5598424585,58.5331990308,50.4672897196,49.9589378593,49.9719783299,63.012995896,69.8650674663,70.4980092683,43.74,44.88,45.03,44.08,41.31,46.64]},"edges":{"From":["Region"],"To":["Sex"]}}