{"data":{"Year":[2016,2017,2018,2019,2020,2021,2016,2017,2018,2019,2020],"Region":["Asturias","Asturias","Asturias","Asturias","Asturias","Asturias","Espa\u00f1a","Espa\u00f1a","Espa\u00f1a","Espa\u00f1a","Espa\u00f1a"],"Value":[19.347913378,21.8825033764,19.4658433184,20.9958991764,14.8405678642,16.8608420879,26.63,27.86,27.02,26.43,12.65]},"edges":[]}