{"data":{"Year":[2010,2011,2012,2013,2014,2015,2016,2017,2018,2019,2020,2010,2011,2012,2013,2014,2015,2016,2017,2018,2019,2020,2021],"Region":["Asturias","Asturias","Asturias","Asturias","Asturias","Asturias","Asturias","Asturias","Asturias","Asturias","Asturias","Espa\u00f1a","Espa\u00f1a","Espa\u00f1a","Espa\u00f1a","Espa\u00f1a","Espa\u00f1a","Espa\u00f1a","Espa\u00f1a","Espa\u00f1a","Espa\u00f1a","Espa\u00f1a","Espa\u00f1a"],"Value":[13.371722016,12.7982001243,12.0064342756,12.3491328996,12.1168714833,12.2094204132,11.8612658488,12.3035199925,12.0935815098,11.9007552904,11.1017879044,11.53,11.44,11.09,11.14,11.22,11.3,11.22,11.52,11.13,10.97,10.82,10.9]},"edges":[]}