{"data":{"Year":[2010,2011,2012,2013,2014,2015,2016,2017,2018,2019,2020,2010,2011,2012,2013,2014,2015,2016,2017,2018,2019,2020],"Region":["Asturias","Asturias","Asturias","Asturias","Asturias","Asturias","Asturias","Asturias","Asturias","Asturias","Asturias","Espa\u00f1a","Espa\u00f1a","Espa\u00f1a","Espa\u00f1a","Espa\u00f1a","Espa\u00f1a","Espa\u00f1a","Espa\u00f1a","Espa\u00f1a","Espa\u00f1a","Espa\u00f1a"],"Value":[11.197,15.97,17.4865,17.584,18.3224,17.5221,17.0086,14.1884,17.1391488927,23.2416046707,22.2866599938,16.78,16.9,17.72,18.11,18.78,18.43,17.97,18.18,17.6,17.16,17.76]},"edges":[]}