{"data":{"Year":[2011,2012,2013,2014,2015,2016,2017,2018,2019,2020,2011,2012,2013,2014,2015,2016,2017,2018,2019,2020],"Region":["Asturias","Asturias","Asturias","Asturias","Asturias","Asturias","Asturias","Asturias","Asturias","Asturias","Espa\u00f1a","Espa\u00f1a","Espa\u00f1a","Espa\u00f1a","Espa\u00f1a","Espa\u00f1a","Espa\u00f1a","Espa\u00f1a","Espa\u00f1a","Espa\u00f1a"],"Value":[1.1305560245,-0.1832635954,-1.5718637485,-1.2263850971,-1.1948503966,0.627313943,0.8860191287,1.6357923025,1.3879234069,-2.3050191858,0.273412927,-1.3013449668,-2.0669239326,-1.1795575467,-0.53,0.06,1.26,2.32,2.42,-0.24]},"edges":[]}