{"data":{"Year":[2011,2012,2013,2014,2015,2016,2017,2018,2019,2020,2015,2016,2017,2018,2019,2020],"Region":["Asturias","Asturias","Asturias","Asturias","Asturias","Asturias","Asturias","Asturias","Asturias","Asturias","Espa\u00f1a","Espa\u00f1a","Espa\u00f1a","Espa\u00f1a","Espa\u00f1a","Espa\u00f1a"],"Value":[2.1703108872,0.3325336304,-1.7357051398,-1.7935814974,-2.3926821544,1.4174038835,1.054106135,2.5353611274,2.9164306893,-0.3129015933,-1.15,0.0,1.1,2.35,2.49,-0.18]},"edges":[]}