{"data":{"Year":[2014,2015,2016,2017,2018,2014,2015,2016,2017,2018],"Region":["Asturias","Asturias","Asturias","Asturias","Asturias","Espa\u00f1a","Espa\u00f1a","Espa\u00f1a","Espa\u00f1a","Espa\u00f1a"],"Value":[74.3275472284,74.3077465643,71.8184566995,73.7295509429,82.1139442727,56.89,56.77,54.12,51.16,53.39]},"edges":[]}