{"data":{"Year":[2010,2011,2012,2013,2014,2015,2016,2017,2018,2019,2010,2011,2012,2013,2014,2015,2016,2017,2018,2019],"Region":["Asturias","Asturias","Asturias","Asturias","Asturias","Asturias","Asturias","Asturias","Asturias","Asturias","Espa\u00f1a","Espa\u00f1a","Espa\u00f1a","Espa\u00f1a","Espa\u00f1a","Espa\u00f1a","Espa\u00f1a","Espa\u00f1a","Espa\u00f1a","Espa\u00f1a"],"Value":[0.9649166831,1.0533514221,1.1590572323,1.1611982032,1.1863747442,1.3966956831,1.1256941918,1.1617442366,1.0659347734,0.8493547397,0.34,0.34,0.34,0.32,0.32,0.32,0.3,0.3,0.29,0.27]},"edges":[]}