{"data":{"Year":[2014,2015,2016,2017,2018,2019,2014,2015,2016,2017,2018],"Region":["Asturias","Asturias","Asturias","Asturias","Asturias","Asturias","Espa\u00f1a","Espa\u00f1a","Espa\u00f1a","Espa\u00f1a","Espa\u00f1a"],"Value":[7.2875025486,5.9431877662,1.8185510801,2.1932194176,3.2025230219,11.6125341076,15.86,16.58,17.28,18.33,18.48]},"edges":[]}