{"data":{"Year":[2010,2011,2012,2013,2014,2015,2016,2017,2018,2019,2020,2021,2010,2011,2012,2013,2014,2015,2016,2017,2018,2019,2020,2021],"Region":["Asturias","Asturias","Asturias","Asturias","Asturias","Asturias","Asturias","Asturias","Asturias","Asturias","Asturias","Asturias","Espa\u00f1a","Espa\u00f1a","Espa\u00f1a","Espa\u00f1a","Espa\u00f1a","Espa\u00f1a","Espa\u00f1a","Espa\u00f1a","Espa\u00f1a","Espa\u00f1a","Espa\u00f1a","Espa\u00f1a"],"Value":[0.5274505293,0.5363644083,0.53877483,0.5326861425,0.5328375877,0.5673329816,0.5612356687,0.562591167,0.5708891246,0.5679888607,0.5619212472,0.5623902426,0.62,0.61,0.61,0.61,0.61,0.62,0.61,0.62,0.63,0.63,0.62,0.62]},"edges":[]}