{"data":{"Year":[2010,2011,2012,2013,2014,2015,2016,2017,2018,2019,2020,2021,2010,2011,2012,2013,2014,2015,2016,2017,2018,2019,2020,2021],"Region":["Asturias","Asturias","Asturias","Asturias","Asturias","Asturias","Asturias","Asturias","Asturias","Asturias","Asturias","Asturias","Espa\u00f1a","Espa\u00f1a","Espa\u00f1a","Espa\u00f1a","Espa\u00f1a","Espa\u00f1a","Espa\u00f1a","Espa\u00f1a","Espa\u00f1a","Espa\u00f1a","Espa\u00f1a","Espa\u00f1a"],"Value":[0.1319203852,0.1465074429,0.1501919695,0.155866905,0.1528560719,0.1574123554,0.1646287538,0.1701842752,0.2010759742,0.2070863667,0.1892051343,0.189077506,0.16,0.17,0.18,0.19,0.19,0.19,0.2,0.2,0.24,0.24,0.22,0.23]},"edges":[]}