{"data":{"Year":[2010,2011,2012,2013,2014,2015,2016,2017,2018,2019,2010,2011,2012,2013,2014,2015,2016,2017,2018,2019],"Region":["Asturias","Asturias","Asturias","Asturias","Asturias","Asturias","Asturias","Asturias","Asturias","Asturias","Espa\u00f1a","Espa\u00f1a","Espa\u00f1a","Espa\u00f1a","Espa\u00f1a","Espa\u00f1a","Espa\u00f1a","Espa\u00f1a","Espa\u00f1a","Espa\u00f1a"],"Value":[15.1314974754,13.9920957,8.42027984,6.17210054,5.35212524,4.7292813,6.66928539,6.53177258,3.77073083,5.54185646,510.42,286.82,207.72,185.7,162.35,189.8,218.57,244.96,286.88,321.11]},"edges":[]}