{"data":{"Year":[2010,2011,2012,2013,2014,2015,2017,2019,2020,2010,2011,2012,2013,2014,2015,2016,2017,2018,2019,2020,2021],"Region":["Asturias","Asturias","Asturias","Asturias","Asturias","Asturias","Asturias","Asturias","Asturias","Espa\u00f1a","Espa\u00f1a","Espa\u00f1a","Espa\u00f1a","Espa\u00f1a","Espa\u00f1a","Espa\u00f1a","Espa\u00f1a","Espa\u00f1a","Espa\u00f1a","Espa\u00f1a","Espa\u00f1a"],"Value":[62.2787136075,66.1690062445,60.3675400189,69.599925543,74.0348025248,78.2964850955,82.2855513826,89.1970805293,91.1470647335,63.53,66.47,69.48,71.64,76.19,78.69,80.56,84.6,86.11,90.72,93.21,93.9]},"edges":[]}