{"data":{"Year":[2010,2011,2012,2013,2014,2015,2016,2017,2018,2019,2020,2010,2011,2012,2013,2014,2015,2016,2017,2018,2019,2020],"Region":["Asturias","Asturias","Asturias","Asturias","Asturias","Asturias","Asturias","Asturias","Asturias","Asturias","Asturias","Espa\u00f1a","Espa\u00f1a","Espa\u00f1a","Espa\u00f1a","Espa\u00f1a","Espa\u00f1a","Espa\u00f1a","Espa\u00f1a","Espa\u00f1a","Espa\u00f1a","Espa\u00f1a"],"Value":[2.4475074069,5.1400668209,3.6735764891,2.69824614,3.3333333333,2.3237800155,3.3086497558,3.1603459747,2.2675736961,3.8819875776,3.5631942989,3.87,3.81,3.72,3.37,3.41,3.16,3.27,3.26,3.29,3.27,3.2]},"edges":[]}