{"data":{"Year":[2010,2011,2012,2013,2014,2015,2016,2017,2018,2019,2020,2010,2011,2012,2013,2014,2015,2016,2017,2018,2019,2020],"Region":["Asturias","Asturias","Asturias","Asturias","Asturias","Asturias","Asturias","Asturias","Asturias","Asturias","Asturias","Espa\u00f1a","Espa\u00f1a","Espa\u00f1a","Espa\u00f1a","Espa\u00f1a","Espa\u00f1a","Espa\u00f1a","Espa\u00f1a","Espa\u00f1a","Espa\u00f1a","Espa\u00f1a"],"Value":[53.863034529,48.1614142738,52.528465015,55.1287801884,57.4830336945,58.8226817494,60.6800692658,61.9195347715,63.6173761623,65.3548585287,67.5407544585,47.89,48.36,48.99,50.05,51.29,52.29,53.29,54.39,55.52,56.62,58.27]},"edges":[]}