{"data":{"Year":[2014,2015,2016,2017,2018,2014,2015,2016,2017,2018,2014,2015,2016,2017,2018,2014,2015,2016,2017,2018,2019,2014,2015,2016,2017,2018,2019,2014,2015,2016,2017,2018,2019],"Region":["Asturias","Asturias","Asturias","Asturias","Asturias","Asturias","Asturias","Asturias","Asturias","Asturias","Asturias","Asturias","Asturias","Asturias","Asturias","Espa\u00f1a","Espa\u00f1a","Espa\u00f1a","Espa\u00f1a","Espa\u00f1a","Espa\u00f1a","Espa\u00f1a","Espa\u00f1a","Espa\u00f1a","Espa\u00f1a","Espa\u00f1a","Espa\u00f1a","Espa\u00f1a","Espa\u00f1a","Espa\u00f1a","Espa\u00f1a","Espa\u00f1a","Espa\u00f1a"],"Disability status":[null,null,null,null,null,"Persona con discapacidad","Persona con discapacidad","Persona con discapacidad","Persona con discapacidad","Persona con discapacidad","Persona sin discapacidad","Persona sin discapacidad","Persona sin discapacidad","Persona sin discapacidad","Persona sin discapacidad",null,null,null,null,null,null,"Persona con discapacidad","Persona con discapacidad","Persona con discapacidad","Persona con discapacidad","Persona con discapacidad","Persona con discapacidad","Persona sin discapacidad","Persona sin discapacidad","Persona sin discapacidad","Persona sin discapacidad","Persona sin discapacidad","Persona sin discapacidad"],"Value":[21.2510700361,19.2077463859,17.7678984397,13.8653248371,13.8011349735,32.564360358,18.567894666,19.1790823587,19.1542309779,19.6977009835,20.8757985793,19.2298554321,17.704193863,13.6392032652,13.563875272,24.6,22.2,19.7,17.3,15.4,14.2,32.7,31.0,28.6,26.2,25.2,23.9,24.3,21.9,19.5,17.1,15.1,13.9]},"edges":{"From":["Region"],"To":["Disability status"]}}