{"data":{"Year":[2016,2017,2018,2019,2020,2021,2016,2017,2018,2019,2020],"Region":["Asturias","Asturias","Asturias","Asturias","Asturias","Asturias","Espa\u00f1a","Espa\u00f1a","Espa\u00f1a","Espa\u00f1a","Espa\u00f1a"],"Value":[41.8081506014,44.2332984896,41.8913350139,44.9953621156,55.8088318939,51.8995923567,27.99,27.64,25.85,25.98,43.57]},"edges":[]}