{"data":{"Year":[2016,2017,2018,2019,2020,2021,2016,2017,2018,2019,2020],"Region":["Asturias","Asturias","Asturias","Asturias","Asturias","Asturias","Espa\u00f1a","Espa\u00f1a","Espa\u00f1a","Espa\u00f1a","Espa\u00f1a"],"Value":[38.4751463425,41.0538299699,38.2087411951,41.426888772,51.2399764197,48.4363338304,33.01,32.45,31.27,31.14,41.57]},"edges":[]}