{"data":{"Year":[2010,2011,2012,2013,2014,2015,2016,2017,2018,2019,2010,2011,2012,2013,2014,2015,2016,2017,2018,2019],"Region":["Asturias","Asturias","Asturias","Asturias","Asturias","Asturias","Asturias","Asturias","Asturias","Asturias","Espa\u00f1a","Espa\u00f1a","Espa\u00f1a","Espa\u00f1a","Espa\u00f1a","Espa\u00f1a","Espa\u00f1a","Espa\u00f1a","Espa\u00f1a","Espa\u00f1a"],"Value":[3.6904553414,3.5353512958,1.5859708332,2.009162265,1.9979562376,1.7637530106,1.3782595133,1.6551379399,1.6222843919,2.2357552055,3.01,2.85,2.34,1.73,1.76,1.81,1.85,2.08,1.98,2.07]},"edges":[]}