{"data":{"Year":[2010,2011,2012,2013,2014,2015,2016,2017,2018,2019,2020,2010,2011,2012,2013,2014,2015,2016,2017,2018,2019,2020],"Region":["Asturias","Asturias","Asturias","Asturias","Asturias","Asturias","Asturias","Asturias","Asturias","Asturias","Asturias","Espa\u00f1a","Espa\u00f1a","Espa\u00f1a","Espa\u00f1a","Espa\u00f1a","Espa\u00f1a","Espa\u00f1a","Espa\u00f1a","Espa\u00f1a","Espa\u00f1a","Espa\u00f1a"],"Value":[12.616593029,12.3882820258,11.8701298701,11.4101184069,11.2255965293,11.04,11.3022763367,11.3442113442,11.5365111562,11.42643764,11.0415035239,11.16,10.9,10.51,10.18,9.97,9.91,10.05,10.05,10.05,9.91,9.74]},"edges":[]}