Year,Region,Value
2010,Asturias,0.964916683099275
2011,Asturias,1.05335142206275
2012,Asturias,1.1590572323404
2013,Asturias,1.16119820316042
2014,Asturias,1.18637474424118
2015,Asturias,1.39669568311969
2016,Asturias,1.12569419182374
2017,Asturias,1.16174423661423
2018,Asturias,1.0659347734186
2019,Asturias,0.849354739673874
2010,España,0.34
2011,España,0.34
2012,España,0.34
2013,España,0.32
2014,España,0.32
2015,España,0.32
2016,España,0.3
2017,España,0.3
2018,España,0.29
2019,España,0.27
