Year,Region,Value
2017,Asturias,95.2011403230915
2018,Asturias,94.8964374482187
2020,Asturias,95.3047938449398
2017,Espa単a,94.84
2018,Espa単a,95.55
2019,Espa単a,94.75
2020,Espa単a,94.31
