Year,Region,Value
2012,Asturias,33.6642400176484
2013,Asturias,39.6837739761534
2014,Asturias,41.1627303399948
2015,Asturias,40.2341803687095
2016,Asturias,41.8863049095607
2017,Asturias,42.0319229794781
2018,Asturias,42.1284943599804
2019,Asturias,41.5693601120972
2012,España,30.98
2013,España,35.35
2014,España,35.36
2015,España,35.71
2016,España,36.97
2017,España,36.71
2018,España,36.46
2019,España,36.44
