Year,Region,Sex,Value
2012,Asturias,,76.7335621519625
2012,Asturias,Hombre,80.2593571538844
2012,Asturias,Mujer,73.3108850129075
2012,España,,72.3
2012,España,Hombre,73.49
2012,España,Mujer,71.1
