Year,Region,Value
2013,Asturias,68.2595019781983
2014,Asturias,64.5438018502774
2015,Asturias,68.5848285684313
2016,Asturias,71.8429027543223
2017,Asturias,76.8520129352674
2018,Asturias,80.2424084684751
2019,Asturias,87.2438366806951
2020,Asturias,82.8801597482432
2013,España,6161
2014,España,5924
2015,España,6256
2016,España,6673
2017,España,7242
2018,España,7733
2019,España,8480
2020,España,8169
