Year,Region,Value
2010,Asturias,15.13149747539
2011,Asturias,13.9920957
2012,Asturias,8.42027984
2013,Asturias,6.17210054
2014,Asturias,5.35212524
2015,Asturias,4.7292813
2016,Asturias,6.66928539
2017,Asturias,6.53177258
2018,Asturias,3.77073083
2019,Asturias,5.54185646
2010,España,510.42
2011,España,286.82
2012,España,207.72
2013,España,185.7
2014,España,162.35
2015,España,189.8
2016,España,218.57
2017,España,244.96
2018,España,286.88
2019,España,321.11
