Year,Region,Value
2009,Asturias,47.9755240203099
2013,Asturias,51.5486725663717
2016,Asturias,50.2348727966141
2013,España,32.68
2016,España,32.42
