Year,Region,Sex,Value
2010,Asturias,,181.53198898288
2010,Asturias,Hombre,107.424359285528
2010,Asturias,Mujer,248.800547323877
2010,España,,182
2010,España,Hombre,114
2010,España,Mujer,247
