Year,Region,Value
2010,Asturias,-0.06453
2011,Asturias, 0.11244
2012,Asturias, 1.34248
2013,Asturias,-0.00802
2014,Asturias, 0.04287
2015,Asturias, 0.01734
2016,Asturias,-0.01547
2017,Asturias, 0.01558
2018,Asturias, 0.00002
2019,Asturias, 0.00000
2010,España, 0.77000
2011,España, 1.17000
2012,España, 0.18000
2013,España, 0.91000
2014,España, 0.81000
2015,España, 0.61000
2016,España, 0.82000
2017,España, 0.79000
2018,España, 0.80000
2019,España, 0.31000
2020,España, 0.66000
