{"Year":[2010,2011,2012,2013,2014,2015,2016,2017,2018,2019,2010,2011,2012,2013,2014,2015,2016,2017,2018,2019,2020],"Region":["Asturias","Asturias","Asturias","Asturias","Asturias","Asturias","Asturias","Asturias","Asturias","Asturias","Espa\u00f1a","Espa\u00f1a","Espa\u00f1a","Espa\u00f1a","Espa\u00f1a","Espa\u00f1a","Espa\u00f1a","Espa\u00f1a","Espa\u00f1a","Espa\u00f1a","Espa\u00f1a"],"Value":[48.283029347,47.7899325805,46.4009944186,45.590046065,45.8116315777,45.3309980678,45.0390117269,44.847610814,45.0187807361,45.8291283137,49.11,48.26,46.69,45.82,45.88,45.74,45.22,45.07,45.35,46.28,48.47]}