{"Year":[2010,2011,2012,2013,2014,2015,2016,2017,2018,2019,2010,2011,2012,2013,2014,2015,2016,2017,2018,2019],"Region":["Asturias","Asturias","Asturias","Asturias","Asturias","Asturias","Asturias","Asturias","Asturias","Asturias","Espa\u00f1a","Espa\u00f1a","Espa\u00f1a","Espa\u00f1a","Espa\u00f1a","Espa\u00f1a","Espa\u00f1a","Espa\u00f1a","Espa\u00f1a","Espa\u00f1a"],"Value":[-37.69,-32.74685919,-28.95514752,-31.08123472,-29.7311125,-15.15263487,-30.45307259,-26.74378944,-31.75,-45.0,-19.05,-19.11,-20.76,-26.82,-26.35,-23.77,-26.38,-23.38,-24.62,-28.85]}