{"Year":[2010,2011,2012,2013,2014,2015,2016,2017,2018,2019,2010,2011,2012,2013,2014,2015,2016,2017,2018,2019],"Region":["Asturias","Asturias","Asturias","Asturias","Asturias","Asturias","Asturias","Asturias","Asturias","Asturias","Espa\u00f1a","Espa\u00f1a","Espa\u00f1a","Espa\u00f1a","Espa\u00f1a","Espa\u00f1a","Espa\u00f1a","Espa\u00f1a","Espa\u00f1a","Espa\u00f1a"],"Value":[42.5862133153,62.5551516182,77.8535314826,65.3172286234,68.9790707033,66.3457479169,66.3429225922,66.4853056561,65.008796803,65.9819877817,49.8,66.67,79.02,66.98,69.54,69.18,70.64,72.53,72.69,72.4]}