{"Year":[2010,2011,2012,2013,2014,2015,2016,2017,2018,2019,2010,2011,2012,2013,2014,2015,2016,2017,2018,2019,2020],"Region":["Asturias","Asturias","Asturias","Asturias","Asturias","Asturias","Asturias","Asturias","Asturias","Asturias","Espa\u00f1a","Espa\u00f1a","Espa\u00f1a","Espa\u00f1a","Espa\u00f1a","Espa\u00f1a","Espa\u00f1a","Espa\u00f1a","Espa\u00f1a","Espa\u00f1a","Espa\u00f1a"],"Value":[0.0,0.0,0.0,14.9902563334,0.0,0.0,15.7554750276,0.0,0.0,0.0,4.11,2.97,2.2,4.23,2.1,3.57,3.65,3.31,1.88,1.66,2.95]}