{"Year":[2010,2011,2012,2013,2014,2015,2016,2017,2018,2019,2010,2011,2012,2013,2014,2015,2016,2017,2018,2019,2020],"Region":["Asturias","Asturias","Asturias","Asturias","Asturias","Asturias","Asturias","Asturias","Asturias","Asturias","Espa\u00f1a","Espa\u00f1a","Espa\u00f1a","Espa\u00f1a","Espa\u00f1a","Espa\u00f1a","Espa\u00f1a","Espa\u00f1a","Espa\u00f1a","Espa\u00f1a","Espa\u00f1a"],"Value":[334.335348204,340.987095322,340.4359448055,331.6289330956,328.254558564,335.5225790509,344.9336602987,342.3457186881,346.6146972443,339.1046812916,221.87,225.59,228.56,229.94,228.76,230.97,234.0,234.4,232.25,231.11,229.2]}