{"Year":[2010,2011,2012,2013,2014,2015,2016,2017,2018,2019,2020,2010,2011,2012,2013,2014,2015,2016,2017,2018,2019,2020],"Region":["Asturias","Asturias","Asturias","Asturias","Asturias","Asturias","Asturias","Asturias","Asturias","Asturias","Asturias","Espa\u00f1a","Espa\u00f1a","Espa\u00f1a","Espa\u00f1a","Espa\u00f1a","Espa\u00f1a","Espa\u00f1a","Espa\u00f1a","Espa\u00f1a","Espa\u00f1a","Espa\u00f1a"],"Value":[7.8238341969,7.6311605723,7.5909559182,7.614213198,7.3615526184,6.3662254984,6.880479414,7.2128620196,6.3967040711,5.4148749801,5.0887942673,10.61,9.51,8.98,8.38,8.08,7.72,7.34,7.04,6.23,5.96,5.33]}