Year,Region,Value
2011,Asturias,21.7585964163866
2012,Asturias,21.7585964163866
2014,Asturias,19.0764638436827
2017,Asturias,23.7785545503758
2011,España,23.95
2012,España,23.95
2014,España,22.98
2017,España,22.08
2020,España,19.78
