Year,Region,Value
2017,Asturias,89.6206533192835
2018,Asturias,90.2181980109841
2020,Asturias,90.0045433893685
2017,España,93.14
2018,España,94.45
2019,España,94.26
