{"Year":[2010,2011,2012,2013,2014,2015,2016,2017,2018,2019,2020,2010,2011,2012,2013,2014,2015,2016,2017,2018,2019],"Region":["Asturias","Asturias","Asturias","Asturias","Asturias","Asturias","Asturias","Asturias","Asturias","Asturias","Asturias","Espa\u00f1a","Espa\u00f1a","Espa\u00f1a","Espa\u00f1a","Espa\u00f1a","Espa\u00f1a","Espa\u00f1a","Espa\u00f1a","Espa\u00f1a","Espa\u00f1a"],"Value":[0.9947304289,1.0791785473,1.0592759614,1.1297091654,1.0259041278,1.0177266786,1.0922529772,1.0241189339,1.0059992013,1.1310694523,1.1137649246,1.11,1.11,1.1,1.09,1.08,1.08,1.08,1.07,1.1,1.12]}