{"Year":[2010,2011,2012,2013,2014,2015,2016,2017,2018,2019,2020,2010,2011,2012,2013,2014,2015,2016,2017,2018,2019,2020],"Region":["Asturias","Asturias","Asturias","Asturias","Asturias","Asturias","Asturias","Asturias","Asturias","Asturias","Asturias","Espa\u00f1a","Espa\u00f1a","Espa\u00f1a","Espa\u00f1a","Espa\u00f1a","Espa\u00f1a","Espa\u00f1a","Espa\u00f1a","Espa\u00f1a","Espa\u00f1a","Espa\u00f1a"],"Value":[0.0399573788,0.0822030415,0.0276090558,0.0696572862,0.0140805407,0.0282087447,0.0418001951,0.0411184211,0.0135501355,0.0,0.012755102,0.03,0.03,0.02,0.02,0.01,0.01,0.01,0.01,0.01,0.01,0.0044706534]}