{"Year":[2009,2013,2016,2013,2016],"Region":["Asturias","Asturias","Asturias","Espa\u00f1a","Espa\u00f1a"],"Value":[48.8122845503,53.793037527,56.2269724445,33.68,34.74]}