{"Year":[2010,2011,2012,2013,2014,2015,2016,2017,2018,2019,2010,2011,2012,2013,2014,2015,2016,2017,2018,2019],"Region":["Asturias","Asturias","Asturias","Asturias","Asturias","Asturias","Asturias","Asturias","Asturias","Asturias","Espa\u00f1a","Espa\u00f1a","Espa\u00f1a","Espa\u00f1a","Espa\u00f1a","Espa\u00f1a","Espa\u00f1a","Espa\u00f1a","Espa\u00f1a","Espa\u00f1a"],"Value":[156.54519384,145.82986227,64.08155704,74.55642361,75.14476347,67.65878186,54.41482186,66.76442554,69.26670491,96.14949069,4994.44,4642.07,4004.13,2799.03,2975.23,3089.97,3127.38,3654.89,3752.89,4133.64]}