{"Year":[2010,2011,2012,2013,2014,2015,2016,2017,2018,2019,2010,2011,2012,2013,2014,2015,2016,2017,2018,2019],"Region":["Asturias","Asturias","Asturias","Asturias","Asturias","Asturias","Asturias","Asturias","Asturias","Asturias","Espa\u00f1a","Espa\u00f1a","Espa\u00f1a","Espa\u00f1a","Espa\u00f1a","Espa\u00f1a","Espa\u00f1a","Espa\u00f1a","Espa\u00f1a","Espa\u00f1a"],"Value":[0.8692975976,0.9627087689,1.0680274832,1.0650220132,1.0917527717,1.3005414144,1.0340454079,1.0760779224,0.9819677593,0.7761610834,0.27,0.27,0.27,0.25,0.25,0.26,0.24,0.25,0.24,0.22]}