{"data":{"Year":[2012,2013,2014,2015,2016,2017,2018,2019,2012,2013,2014,2015,2016,2017,2018,2019],"Regi\u00f3n":["Asturias","Asturias","Asturias","Asturias","Asturias","Asturias","Asturias","Asturias","Espa\u00f1a","Espa\u00f1a","Espa\u00f1a","Espa\u00f1a","Espa\u00f1a","Espa\u00f1a","Espa\u00f1a","Espa\u00f1a"],"Value":[17.4718729318,20.4769310524,20.1401505321,20.1544593921,21.0594315245,21.1046364327,20.7209416381,20.5044371789,20.43,23.29,23.36,23.53,24.46,24.3,23.83,23.58]},"edges":[]}