{"data":{"Year":[2013,2014,2015,2016,2017,2018,2019,2020,2015,2016,2017,2018,2019,2020],"Regi\u00f3n":["Asturias","Asturias","Asturias","Asturias","Asturias","Asturias","Asturias","Asturias","Espa\u00f1a","Espa\u00f1a","Espa\u00f1a","Espa\u00f1a","Espa\u00f1a","Espa\u00f1a"],"Value":[-1.1525244565,-2.2858283313,-1.9182516421,0.4726315224,0.7979067959,1.5127190009,2.1653086026,2.2728820507,-1.58,-0.28,0.51,1.62,2.37,3.36]},"edges":[]}