{"data":{"Year":[2014,2015,2016,2017,2018,2019,2014,2015,2016,2017,2018,2019],"Regi\u00f3n":["Asturias","Asturias","Asturias","Asturias","Asturias","Asturias","Espa\u00f1a","Espa\u00f1a","Espa\u00f1a","Espa\u00f1a","Espa\u00f1a","Espa\u00f1a"],"Value":[74.3275472284,74.3077465643,71.8184566995,73.7295509429,82.1139442727,79.1139564137,56.89,56.77,54.12,51.16,53.39,51.05]},"edges":[]}