{"data":{"Year":[2014,2015,2016,2017,2018,2019,2014,2015,2016,2017,2018],"Regi\u00f3n":["Asturias","Asturias","Asturias","Asturias","Asturias","Asturias","Espa\u00f1a","Espa\u00f1a","Espa\u00f1a","Espa\u00f1a","Espa\u00f1a"],"Value":[56148.7,45791.0,14011.5,16898.3,24674.8,89472.1,4400309.4000000004,4611684.5,4804162.0,5124970.2999999998,5167697.4000000004]},"edges":[]}