{"data":{"Year":[2010,2011,2012,2013,2014,2015,2016,2017,2018,2019,2020,2010,2011,2012,2013,2014,2015,2016,2017,2018,2019,2020],"Regi\u00f3n":["Asturias","Asturias","Asturias","Asturias","Asturias","Asturias","Asturias","Asturias","Asturias","Asturias","Asturias","Espa\u00f1a","Espa\u00f1a","Espa\u00f1a","Espa\u00f1a","Espa\u00f1a","Espa\u00f1a","Espa\u00f1a","Espa\u00f1a","Espa\u00f1a","Espa\u00f1a","Espa\u00f1a"],"Value":[11.4508783344,10.8033240997,8.3507306889,8.0866425993,7.709414381,7.1948261924,6.4364207221,8.515625,8.8815789474,8.2167832168,9.2054263566,18.72,17.24,15.95,13.92,13.22,12.47,13.42,14.22,15.63,16.15,15.72]},"edges":[]}