{"data":{"Year":[2010,2011,2012,2013,2014,2015,2016,2017,2018,2019,2020,2021,2010,2011,2012,2013,2014,2015,2016,2017,2018,2019,2020,2021],"Regi\u00f3n":["Asturias","Asturias","Asturias","Asturias","Asturias","Asturias","Asturias","Asturias","Asturias","Asturias","Asturias","Asturias","Espa\u00f1a","Espa\u00f1a","Espa\u00f1a","Espa\u00f1a","Espa\u00f1a","Espa\u00f1a","Espa\u00f1a","Espa\u00f1a","Espa\u00f1a","Espa\u00f1a","Espa\u00f1a","Espa\u00f1a"],"Value":[0.9104241383,0.893424735,0.8873736518,0.8808737196,0.8492623049,0.8807846047,0.9072253533,0.9297887919,0.9476631467,0.9526718895,0.9887237904,0.9927089957,0.95,0.95,0.95,0.93,0.93,0.92,0.95,0.97,0.98,0.99,1.01,1.02]},"edges":[]}