{"data":{"Year":[2010,2011,2012,2013,2014,2015,2016,2017,2018,2019,2020,2021,2010,2011,2012,2013,2014,2015,2016,2017,2018,2019,2020,2021],"Regi\u00f3n":["Asturias","Asturias","Asturias","Asturias","Asturias","Asturias","Asturias","Asturias","Asturias","Asturias","Asturias","Asturias","Espa\u00f1a","Espa\u00f1a","Espa\u00f1a","Espa\u00f1a","Espa\u00f1a","Espa\u00f1a","Espa\u00f1a","Espa\u00f1a","Espa\u00f1a","Espa\u00f1a","Espa\u00f1a","Espa\u00f1a"],"Value":[1.1304577143,1.1380101948,1.1491020984,1.1481011173,1.1445429328,1.1786405374,1.1888203134,1.2040363869,1.2156199044,1.219470465,1.224617558,1.2562728854,1.07,1.07,1.08,1.08,1.08,1.08,1.1,1.11,1.12,1.13,1.14,1.15]},"edges":[]}