{"data":{"Year":[2010,2011,2012,2013,2014,2015,2016,2017,2018,2019,2010,2011,2012,2013,2014,2015,2016,2017,2018,2019],"Regi\u00f3n":["Asturias","Asturias","Asturias","Asturias","Asturias","Asturias","Asturias","Asturias","Asturias","Asturias","Espa\u00f1a","Espa\u00f1a","Espa\u00f1a","Espa\u00f1a","Espa\u00f1a","Espa\u00f1a","Espa\u00f1a","Espa\u00f1a","Espa\u00f1a","Espa\u00f1a"],"Value":[23.4529476315,21.1970172909,22.6059679476,22.1752189016,23.2314616668,22.2746455157,22.5551760438,21.7273796114,22.7540832223,20.952474735,21.35,19.67,22.88,21.66,22.56,21.58,20.86,20.85,20.96,20.76]},"edges":[]}