{"data":{"Year":[2013,2014,2015,2016,2017,2018,2019,2020,2013,2014,2015,2016,2017,2018,2019,2020],"Regi\u00f3n":["Asturias","Asturias","Asturias","Asturias","Asturias","Asturias","Asturias","Asturias","Espa\u00f1a","Espa\u00f1a","Espa\u00f1a","Espa\u00f1a","Espa\u00f1a","Espa\u00f1a","Espa\u00f1a","Espa\u00f1a"],"Value":[68.2595019782,64.5438018503,68.5848285684,71.8429027543,76.8520129353,80.2424084685,87.2438366807,82.8801597482,6161.0,5924.0,6256.0,6673.0,7242.0,7733.0,8480.0,8169.0]},"edges":[]}