{"data":{"Year":[2010,2011,2012,2013,2014,2015,2016,2017,2018,2019,2020,2010,2011,2012,2013,2014,2015,2016,2017,2018,2019],"Regi\u00f3n":["Asturias","Asturias","Asturias","Asturias","Asturias","Asturias","Asturias","Asturias","Asturias","Asturias","Asturias","Espa\u00f1a","Espa\u00f1a","Espa\u00f1a","Espa\u00f1a","Espa\u00f1a","Espa\u00f1a","Espa\u00f1a","Espa\u00f1a","Espa\u00f1a","Espa\u00f1a"],"Value":[99.9349466563,99.9216096159,99.9598876855,99.9391079312,99.9538674458,99.8899544097,99.9679897567,99.9663469628,99.9293286219,99.9411302983,99.978840457,99.94,99.94,99.94,99.93,99.93,99.92,99.93,99.93,99.92,99.93]},"edges":[]}