{"data":{"Year":[2010,2011,2012,2013,2014,2015,2016,2017,2018,2019,2010,2011,2012,2013,2014,2015,2016,2017,2018,2019,2020],"Regi\u00f3n":["Asturias","Asturias","Asturias","Asturias","Asturias","Asturias","Asturias","Asturias","Asturias","Asturias","Espa\u00f1a","Espa\u00f1a","Espa\u00f1a","Espa\u00f1a","Espa\u00f1a","Espa\u00f1a","Espa\u00f1a","Espa\u00f1a","Espa\u00f1a","Espa\u00f1a","Espa\u00f1a"],"Value":[1.2881617931,2.698535081,2.7551823668,1.34912307,2.1212121212,0.7745933385,1.4179927525,1.8296739854,1.5698587127,1.9409937888,2.08,2.1,2.09,1.89,2.07,1.82,1.85,1.86,1.87,1.84,1.8]},"edges":[]}