{"data":{"Year":[2010,2011,2012,2013,2014,2015,2016,2017,2018,2019,2020,2010,2011,2012,2013,2014,2015,2016,2017,2018,2019,2020],"Regi\u00f3n":["Asturias","Asturias","Asturias","Asturias","Asturias","Asturias","Asturias","Asturias","Asturias","Asturias","Asturias","Espa\u00f1a","Espa\u00f1a","Espa\u00f1a","Espa\u00f1a","Espa\u00f1a","Espa\u00f1a","Espa\u00f1a","Espa\u00f1a","Espa\u00f1a","Espa\u00f1a","Espa\u00f1a"],"Value":[391.2968736207,376.0531441317,390.9642976559,392.6862884372,386.1260269814,420.2892026478,413.1103720211,385.4544819035,379.0304942823,371.3583500239,370.3762061108,255.85,253.18,261.08,252.15,252.7,267.61,257.87,263.18,258.64,247.56,253.09]},"edges":[]}