{"data":{"Year":[2010,2011,2012,2013,2014,2015,2016,2017,2018,2019,2010,2011,2012,2013,2014,2015,2016,2017,2018,2019,2020],"Regi\u00f3n":["Asturias","Asturias","Asturias","Asturias","Asturias","Asturias","Asturias","Asturias","Asturias","Asturias","Espa\u00f1a","Espa\u00f1a","Espa\u00f1a","Espa\u00f1a","Espa\u00f1a","Espa\u00f1a","Espa\u00f1a","Espa\u00f1a","Espa\u00f1a","Espa\u00f1a","Espa\u00f1a"],"Value":[13.8454605009,11.1616070482,12.3285445032,13.9237112335,14.1358176954,12.9305019046,12.9217529997,13.0103024119,13.4740361182,12.5485398107,6.78,6.8,7.57,8.31,8.42,7.76,7.68,7.91,7.57,7.79,8.32]},"edges":[]}