{"data":{"Year":[2010,2011,2012,2013,2014,2015,2016,2017,2018,2019,2020,2010,2011,2012,2013,2014,2015,2016,2017,2018,2019,2020],"Regi\u00f3n":["Asturias","Asturias","Asturias","Asturias","Asturias","Asturias","Asturias","Asturias","Asturias","Asturias","Asturias","Espa\u00f1a","Espa\u00f1a","Espa\u00f1a","Espa\u00f1a","Espa\u00f1a","Espa\u00f1a","Espa\u00f1a","Espa\u00f1a","Espa\u00f1a","Espa\u00f1a","Espa\u00f1a"],"Value":[93.0154762513,95.3387268699,113.8522405262,97.6541368945,105.5917120468,122.8876588416,108.2920046171,117.3839971339,125.1718427795,110.7800780166,87.8424822789,68.24,70.29,78.04,70.79,72.65,85.22,76.81,82.81,84.99,74.48,65.63]},"edges":[]}