{"data":{"Year":[2014,2015,2016,2017,2018,2019,2020,2014,2015,2016,2017,2018,2019,2020,2014,2015,2016,2017,2018,2019,2020,2015,2016,2017,2018,2019,2015,2016,2017,2018,2019,2015,2016,2017,2018,2019],"Regi\u00f3n":["Asturias","Asturias","Asturias","Asturias","Asturias","Asturias","Asturias","Asturias","Asturias","Asturias","Asturias","Asturias","Asturias","Asturias","Asturias","Asturias","Asturias","Asturias","Asturias","Asturias","Asturias","Espa\u00f1a","Espa\u00f1a","Espa\u00f1a","Espa\u00f1a","Espa\u00f1a","Espa\u00f1a","Espa\u00f1a","Espa\u00f1a","Espa\u00f1a","Espa\u00f1a","Espa\u00f1a","Espa\u00f1a","Espa\u00f1a","Espa\u00f1a","Espa\u00f1a"],"Sexo":[null,null,null,null,null,null,null,"Hombre","Hombre","Hombre","Hombre","Hombre","Hombre","Hombre","Mujer","Mujer","Mujer","Mujer","Mujer","Mujer","Mujer",null,null,null,null,null,"Hombre","Hombre","Hombre","Hombre","Hombre","Mujer","Mujer","Mujer","Mujer","Mujer"],"Value":[21.9152609908,17.7195766841,35.9687602157,29.6130017583,16.7937261763,16.7640649034,19.0062769953,33.296007452,29.0297264399,61.0903108348,46.7077153023,27.9815689286,28.9139430826,27.8179019532,10.0091902565,7.3454472,12.9384039555,13.9527355733,6.5471469404,5.6350197695,10.9401967349,59.19,57.38,55.34,55.2,57.76,93.39,89.85,87.02,86.51,89.3,25.96,25.96,24.66,24.95,27.37]},"edges":{"From":["Regi\u00f3n"],"To":["Sexo"]}}