{"data":{"Year":[2011,2012,2014,2017,2011,2012,2014,2017,2020],"Regi\u00f3n":["Asturias","Asturias","Asturias","Asturias","Espa\u00f1a","Espa\u00f1a","Espa\u00f1a","Espa\u00f1a","Espa\u00f1a"],"Value":[21.7585964164,21.7585964164,19.0764638437,23.7785545504,23.95,23.95,22.98,22.08,19.78]},"edges":[]}