{"data":{"Year":[2017,2018,2017,2018,2019],"Regi\u00f3n":["Asturias","Asturias","Espa\u00f1a","Espa\u00f1a","Espa\u00f1a"],"Value":[82.5159914712,72.2222222222,81.84,79.41,78.99]},"edges":[]}