{"data":{"Year":[2010,2011,2012,2013,2014,2015,2016,2017,2018,2019,2020,2010,2011,2012,2013,2014,2015,2016,2017,2018,2019,2020],"Regi\u00f3n":["Asturias","Asturias","Asturias","Asturias","Asturias","Asturias","Asturias","Asturias","Asturias","Asturias","Asturias","Espa\u00f1a","Espa\u00f1a","Espa\u00f1a","Espa\u00f1a","Espa\u00f1a","Espa\u00f1a","Espa\u00f1a","Espa\u00f1a","Espa\u00f1a","Espa\u00f1a","Espa\u00f1a"],"Value":[5.9486353923,6.3110627904,7.0050440063,7.3844991619,7.7247291344,7.8968225376,8.1312839791,8.2325831238,8.5207957308,8.7054752237,8.9929300368,5.96,6.21,6.67,6.98,7.17,7.46,7.68,7.86,8.05,8.2,8.39]},"edges":[]}