{"data":{"Year":[2010,2011,2012,2013,2014,2015,2016,2017,2018,2019,2020,2010,2011,2012,2013,2014,2015,2016,2017,2018,2019,2020],"Regi\u00f3n":["Asturias","Asturias","Asturias","Asturias","Asturias","Asturias","Asturias","Asturias","Asturias","Asturias","Asturias","Espa\u00f1a","Espa\u00f1a","Espa\u00f1a","Espa\u00f1a","Espa\u00f1a","Espa\u00f1a","Espa\u00f1a","Espa\u00f1a","Espa\u00f1a","Espa\u00f1a","Espa\u00f1a"],"Value":[9.1282577782,10.0842368213,9.5075475677,9.9269519412,8.7830997858,8.8763201227,8.3750604599,8.9834586092,8.582867992,8.7401467793,11.0837428546,11.16,11.18,11.17,11.37,10.11,9.91,9.39,9.86,10.48,10.65,11.0]},"edges":[]}