{"data":{"Year":[2010,2011,2012,2013,2014,2015,2016,2017,2018,2019,2020,2010,2011,2012,2013,2014,2015,2016,2017,2018,2019,2020],"Regi\u00f3n":["Asturias","Asturias","Asturias","Asturias","Asturias","Asturias","Asturias","Asturias","Asturias","Asturias","Asturias","Espa\u00f1a","Espa\u00f1a","Espa\u00f1a","Espa\u00f1a","Espa\u00f1a","Espa\u00f1a","Espa\u00f1a","Espa\u00f1a","Espa\u00f1a","Espa\u00f1a","Espa\u00f1a"],"Value":[16.4278841397,17.3797820694,17.1184344667,17.2437641828,16.504972996,16.870869094,15.7296009598,16.7776542118,16.7776542118,16.9403708959,18.8987498284,19.36,19.43,19.65,19.95,19.06,18.98,18.69,19.17,19.88,20.12,20.7]},"edges":[]}