{"data":{"Year":[2011,2012,2013,2014,2015,2016,2017,2018,2019,2011,2012,2013,2014,2015,2016,2017,2018,2019,2020],"Regi\u00f3n":["Asturias","Asturias","Asturias","Asturias","Asturias","Asturias","Asturias","Asturias","Asturias","Espa\u00f1a","Espa\u00f1a","Espa\u00f1a","Espa\u00f1a","Espa\u00f1a","Espa\u00f1a","Espa\u00f1a","Espa\u00f1a","Espa\u00f1a","Espa\u00f1a"],"Value":[41.77946035,41.07968786,42.87299083,42.63125081,42.20022124,41.6,41.1,40.6,35.4,21.7,22.1,21.89,21.36,20.97,20.5,20.15,19.77,19.07,20.2]},"edges":[]}