{"data":{"Year":[2010,2011,2012,2013,2014,2015,2016,2017,2018,2019,2020,2021,2010,2011,2012,2013,2014,2015,2016,2017,2018,2019,2020,2021,2010,2011,2012,2013,2014,2015,2016,2017,2018,2019,2020,2021,2010,2011,2012,2013,2014,2015,2016,2017,2018,2019,2020,2021,2010,2011,2012,2013,2014,2015,2016,2017,2018,2019,2020,2021,2010,2011,2012,2013,2014,2015,2016,2017,2018,2019,2020,2021],"Regi\u00f3n":["Asturias","Asturias","Asturias","Asturias","Asturias","Asturias","Asturias","Asturias","Asturias","Asturias","Asturias","Asturias","Asturias","Asturias","Asturias","Asturias","Asturias","Asturias","Asturias","Asturias","Asturias","Asturias","Asturias","Asturias","Asturias","Asturias","Asturias","Asturias","Asturias","Asturias","Asturias","Asturias","Asturias","Asturias","Asturias","Asturias","Espa\u00f1a","Espa\u00f1a","Espa\u00f1a","Espa\u00f1a","Espa\u00f1a","Espa\u00f1a","Espa\u00f1a","Espa\u00f1a","Espa\u00f1a","Espa\u00f1a","Espa\u00f1a","Espa\u00f1a","Espa\u00f1a","Espa\u00f1a","Espa\u00f1a","Espa\u00f1a","Espa\u00f1a","Espa\u00f1a","Espa\u00f1a","Espa\u00f1a","Espa\u00f1a","Espa\u00f1a","Espa\u00f1a","Espa\u00f1a","Espa\u00f1a","Espa\u00f1a","Espa\u00f1a","Espa\u00f1a","Espa\u00f1a","Espa\u00f1a","Espa\u00f1a","Espa\u00f1a","Espa\u00f1a","Espa\u00f1a","Espa\u00f1a","Espa\u00f1a"],"Sexo":[null,null,null,null,null,null,null,null,null,null,null,null,"Hombre","Hombre","Hombre","Hombre","Hombre","Hombre","Hombre","Hombre","Hombre","Hombre","Hombre","Hombre","Mujer","Mujer","Mujer","Mujer","Mujer","Mujer","Mujer","Mujer","Mujer","Mujer","Mujer","Mujer",null,null,null,null,null,null,null,null,null,null,null,null,"Hombre","Hombre","Hombre","Hombre","Hombre","Hombre","Hombre","Hombre","Hombre","Hombre","Hombre","Hombre","Mujer","Mujer","Mujer","Mujer","Mujer","Mujer","Mujer","Mujer","Mujer","Mujer","Mujer","Mujer"],"Value":[15.9158264654,17.8366237729,21.8263999588,24.1342223136,21.1309117724,19.1075013475,17.6188326791,13.7115029617,13.6115023923,14.1937290043,14.12,12.527218278,15.1534077979,18.313172395,21.8924646389,23.9258834319,20.1435140232,19.5856524508,18.8254788955,13.5060146938,12.3715622859,13.3060657753,13.86,11.3994962679,16.8143683705,17.2889280679,21.7502758366,24.3685091447,22.2068367083,18.5950276201,16.3215704565,13.9328372272,14.9243829071,15.1314400079,14.4,13.7369080296,19.86,21.39,24.79,26.09,24.44,22.06,19.63,17.22,15.25,14.1,15.53,14.78,19.57,21.04,24.58,25.6,23.6,20.77,18.12,15.66,13.72,12.45,13.87,13.05,20.22,21.81,25.03,26.67,25.43,23.55,21.38,19.03,17.02,15.99,17.43,16.71]},"edges":{"From":["Regi\u00f3n"],"To":["Sexo"]}}