{"data":{"Year":[2010,2011,2012,2013,2014,2015,2016,2017,2018,2019,2010,2011,2012,2013,2014,2015,2016,2017,2018,2019,2020],"Regi\u00f3n":["Asturias","Asturias","Asturias","Asturias","Asturias","Asturias","Asturias","Asturias","Asturias","Asturias","Espa\u00f1a","Espa\u00f1a","Espa\u00f1a","Espa\u00f1a","Espa\u00f1a","Espa\u00f1a","Espa\u00f1a","Espa\u00f1a","Espa\u00f1a","Espa\u00f1a","Espa\u00f1a"],"Value":[2823.3080641751,2674.269913124,2416.9072198808,2426.8202393501,2394.6114675321,2499.4913793103,2485.5949855352,2649.9410357417,2690.5603568153,2686.8645701704,2671.08,2618.51,2463.77,2447.71,2505.82,2623.82,2682.66,2829.62,2785.41,2781.13,2432.45]},"edges":[]}