{"data":{"Year":[2010,2011,2012,2013,2014,2015,2016,2017,2018,2019,2010,2011,2012,2013,2014,2015,2016,2017,2018,2019,2020],"Regi\u00f3n":["Asturias","Asturias","Asturias","Asturias","Asturias","Asturias","Asturias","Asturias","Asturias","Asturias","Espa\u00f1a","Espa\u00f1a","Espa\u00f1a","Espa\u00f1a","Espa\u00f1a","Espa\u00f1a","Espa\u00f1a","Espa\u00f1a","Espa\u00f1a","Espa\u00f1a","Espa\u00f1a"],"Value":[12.6800889009,12.515336688,11.8204022605,11.4171275999,11.1647437413,10.709986398,11.1992053522,11.4172265923,11.4881783549,11.3090971255,11.48,11.26,10.83,10.55,10.3,10.25,10.36,10.43,10.34,10.19,10.15]},"edges":[]}