{"data":{"Year":[2010,2011,2012,2013,2014,2015,2016,2017,2018,2019,2010,2011,2012,2013,2014,2015,2016,2017,2018,2019],"Regi\u00f3n":["Asturias","Asturias","Asturias","Asturias","Asturias","Asturias","Asturias","Asturias","Asturias","Asturias","Espa\u00f1a","Espa\u00f1a","Espa\u00f1a","Espa\u00f1a","Espa\u00f1a","Espa\u00f1a","Espa\u00f1a","Espa\u00f1a","Espa\u00f1a","Espa\u00f1a"],"Value":[2.6289912536,2.6721943347,2.6544894244,2.8092782506,2.8877821652,2.8799610297,2.7841650045,2.6442388114,2.5937775582,2.5621722951,0.65,0.63,0.65,0.62,0.6,0.6,0.58,0.57,0.6,0.58]},"edges":[]}