Year,Region,Value
2010,Asturias,11.197
2011,Asturias,15.97
2012,Asturias,17.4865
2013,Asturias,17.584
2014,Asturias,18.3224
2015,Asturias,17.5221
2016,Asturias,17.0086
2017,Asturias,14.1884
2018,Asturias,17.1391488926508
2019,Asturias,23.2416046707222
2020,Asturias,22.2866599938205
2010,España,16.78
2011,España,16.9
2012,España,17.72
2013,España,18.11
2014,España,18.78
2015,España,18.43
2016,España,17.97
2017,España,18.18
2018,España,17.6
2019,España,17.16
2020,España,17.76
