Year,Region,Value
2010,Asturias,11.72908
2011,Asturias,13.14049
2012,Asturias,8.53004
2013,Asturias,14.5754
2014,Asturias,6.8197
2015,Asturias,5.48142
2016,Asturias,9.9193
2017,Asturias,9.77756
2018,Asturias,10.08235
2019,Asturias,13.65266
2020,Asturias,18.5318385775589
2010,España,18.41
2011,España,15.59
2012,España,15.02
2013,España,18.34
2014,España,15.86
2015,España,15.69
2016,España,16.24
2017,España,15.18
2018,España,16.99
2019,España,14.08
2020,España,21.89
