{"Year":[2014,2015,2016,2017,2018,2019,2021,2014,2015,2016,2017,2018,2019,2020,2021,2022],"Region":["Asturias","Asturias","Asturias","Asturias","Asturias","Asturias","Asturias","Espa\u00f1a","Espa\u00f1a","Espa\u00f1a","Espa\u00f1a","Espa\u00f1a","Espa\u00f1a","Espa\u00f1a","Espa\u00f1a","Espa\u00f1a"],"Value":[56148.66,45791.0,14011.55,16898.29,24674.76,89472.11,101165.0,4400309.3799999999,4611684.4900000002,4804161.96,5124970.3499999996,5167697.4000000004,5527015.7199999997,5713414.1200000001,6108383.9299999997,6701415.0]}