{"Year":[2014,2015,2016,2017,2018,2019,2014,2015,2016,2017,2018],"Region":["Asturias","Asturias","Asturias","Asturias","Asturias","Asturias","Espa\u00f1a","Espa\u00f1a","Espa\u00f1a","Espa\u00f1a","Espa\u00f1a"],"Value":[56148.66,45791.0,14011.55,16898.29,24674.76,89472.11,4400309.3799999999,4611684.4900000002,4804161.96,5124970.3499999996,5167697.4000000004]}