{"Year":[2020,2021,2020,2021],"Region":["Asturias","Asturias","Espa\u00f1a","Espa\u00f1a"],"Value":[0.9941229735,0.9974728812,0.99,1.01]}