{"Year":[2010,2011,2012,2013,2014,2015,2016,2017,2018,2019,2020,2021,2010,2011,2012,2013,2014,2015,2016,2017,2018,2019,2020,2021],"Region":["Asturias","Asturias","Asturias","Asturias","Asturias","Asturias","Asturias","Asturias","Asturias","Asturias","Asturias","Asturias","Espa\u00f1a","Espa\u00f1a","Espa\u00f1a","Espa\u00f1a","Espa\u00f1a","Espa\u00f1a","Espa\u00f1a","Espa\u00f1a","Espa\u00f1a","Espa\u00f1a","Espa\u00f1a","Espa\u00f1a"],"Value":[1.409415083,1.4155997466,1.4280925492,1.4251111388,1.4252397689,1.4281151199,1.4368828846,1.4481685117,1.4531652751,1.4618099432,1.4569564733,1.4782640037,1.34,1.34,1.36,1.36,1.36,1.37,1.37,1.39,1.39,1.4,1.4,1.41]}