{"Year":[2010,2011,2012,2013,2014,2015,2016,2017,2018,2019,2020,2021,2010,2011,2012,2013,2014,2015,2016,2017,2018,2019,2020,2021],"Region":["Asturias","Asturias","Asturias","Asturias","Asturias","Asturias","Asturias","Asturias","Asturias","Asturias","Asturias","Asturias","Espa\u00f1a","Espa\u00f1a","Espa\u00f1a","Espa\u00f1a","Espa\u00f1a","Espa\u00f1a","Espa\u00f1a","Espa\u00f1a","Espa\u00f1a","Espa\u00f1a","Espa\u00f1a","Espa\u00f1a"],"Value":[1.3768801174,1.3879858005,1.4083312903,1.4149723239,1.4524927638,1.444973638,1.442418526,1.4586705868,1.4555239303,1.4667230067,1.4485715206,1.4610216263,1.37,1.38,1.39,1.4,1.4,1.41,1.41,1.41,1.42,1.42,1.42,1.43]}