{"Year":[2010,2011,2012,2013,2014,2015,2016,2017,2018,2019,2010,2011,2012,2013,2014,2015,2016,2017,2018,2019],"Region":["Asturias","Asturias","Asturias","Asturias","Asturias","Asturias","Asturias","Asturias","Asturias","Asturias","Espa\u00f1a","Espa\u00f1a","Espa\u00f1a","Espa\u00f1a","Espa\u00f1a","Espa\u00f1a","Espa\u00f1a","Espa\u00f1a","Espa\u00f1a","Espa\u00f1a"],"Value":[0.0665600996,0.0625333153,0.0394118443,0.0297496938,0.0259146439,0.0221277906,0.0307421857,0.0289111816,0.0162121495,0.0233191611,0.05,0.03,0.02,0.02,0.02,0.02,0.02,0.02,0.02,0.03]}