Year,Region,Value
2010,Asturias,-0.06453
2011,Asturias,0.112444
2012,Asturias,1.34248
2013,Asturias,-0.00802
2014,Asturias,0.042867
2015,Asturias,0.017344
2016,Asturias,-0.015468
2017,Asturias,0.01558
2018,Asturias,1.6e-05
2019,Asturias,0.0
2010,España,0.77
2011,España,1.17
2012,España,0.18
2013,España,0.91
2014,España,0.81
2015,España,0.61
2016,España,0.82
2017,España,0.79
2018,España,0.8
2019,España,0.31
2020,España,0.66
