Year,Region,Value
2017,Asturias,94.2667089008552
2018,Asturias,94.5318972659486
2020,Asturias,95.1864273032156
2017,Espa単a,88.46
2018,Espa単a,94.79
2019,Espa単a,94.42
2020,Espa単a,93.71
