{"Year":[2017,2018,2020,2017,2018,2019,2020],"Region":["Asturias","Asturias","Asturias","Espa\u00f1a","Espa\u00f1a","Espa\u00f1a","Espa\u00f1a"],"Value":[82.5159914712,72.2222222222,33.2567636549,77.78,79.41,80.21,81.79]}