{"Year":[2017,2018,2020,2017,2018,2019,2020],"Region":["Asturias","Asturias","Asturias","Espa\u00f1a","Espa\u00f1a","Espa\u00f1a","Espa\u00f1a"],"Value":[94.2667089009,94.5318972659,95.1864273032,88.46,94.79,94.42,93.71]}