{"Year":[2017,2018,2020,2017,2018,2019,2020],"Region":["Asturias","Asturias","Asturias","Espa\u00f1a","Espa\u00f1a","Espa\u00f1a","Espa\u00f1a"],"Value":[95.2011403231,94.8964374482,95.3047938449,94.84,95.55,94.75,94.31]}