{"Year":[2010,2011,2012,2013,2014,2015,2016,2017,2018,2019,2020,2010,2011,2012,2013,2014,2015,2016,2017,2018,2019,2020],"Region":["Asturias","Asturias","Asturias","Asturias","Asturias","Asturias","Asturias","Asturias","Asturias","Asturias","Asturias","Espa\u00f1a","Espa\u00f1a","Espa\u00f1a","Espa\u00f1a","Espa\u00f1a","Espa\u00f1a","Espa\u00f1a","Espa\u00f1a","Espa\u00f1a","Espa\u00f1a","Espa\u00f1a"],"Value":[12.2039972971,12.2777165495,12.5491430059,12.568757525,12.972972973,13.3150803372,13.5263570591,13.8377461017,14.194804369,14.3291925893,14.6098094999,13.76,13.88,14.01,14.33,14.72,15.02,15.29,15.54,15.77,15.9,16.21]}