{"Year":[2010,2011,2012,2013,2014,2015,2016,2017,2018,2019,2020,2021,2010,2011,2012,2013,2014,2015,2016,2017,2018,2019,2020],"Region":["Asturias","Asturias","Asturias","Asturias","Asturias","Asturias","Asturias","Asturias","Asturias","Asturias","Asturias","Asturias","Espa\u00f1a","Espa\u00f1a","Espa\u00f1a","Espa\u00f1a","Espa\u00f1a","Espa\u00f1a","Espa\u00f1a","Espa\u00f1a","Espa\u00f1a","Espa\u00f1a","Espa\u00f1a"],"Value":[16.4278841397,17.3797820694,17.1184344667,17.2437641828,16.504972996,16.870869094,16.0454188613,16.7776542118,16.4751177441,16.9403708959,19.3939480321,23.3044163431,19.36,19.43,19.65,19.95,19.06,18.98,18.69,19.17,19.88,20.12,20.7]}