{"Year":[2015,2016,2017,2019,2020,2015,2016,2017,2019,2020,2021],"Region":["Asturias","Asturias","Asturias","Asturias","Asturias","Espa\u00f1a","Espa\u00f1a","Espa\u00f1a","Espa\u00f1a","Espa\u00f1a","Espa\u00f1a"],"Value":[94.8727080435,91.513216066,99.5658372527,99.4502799584,88.9488117132,95.15,94.18,93.16,95.11,95.54,96.04]}