{"Year":[2012,2012,2012,2012,2012,2012],"Region":["Asturias","Asturias","Asturias","Espa\u00f1a","Espa\u00f1a","Espa\u00f1a"],"Sex":[null,"Hombre","Mujer",null,"Hombre","Mujer"],"Value":[71.0274005578,80.6772085708,61.6598175682,69.12,72.67,65.54]}