{"Year":[2011,2012,2013,2014,2015,2016,2017,2018,2019,2020,2011,2012,2013,2014,2015,2016,2017,2018,2019,2020,2021],"Region":["Asturias","Asturias","Asturias","Asturias","Asturias","Asturias","Asturias","Asturias","Asturias","Asturias","Espa\u00f1a","Espa\u00f1a","Espa\u00f1a","Espa\u00f1a","Espa\u00f1a","Espa\u00f1a","Espa\u00f1a","Espa\u00f1a","Espa\u00f1a","Espa\u00f1a","Espa\u00f1a"],"Value":[41.77946035,41.07968786,42.87299083,42.63125081,42.20022124,41.6376029901,41.0863434501,40.5816583779,35.3898598072,36.6086406729,21.7,22.1,21.89,21.36,20.97,20.5,20.15,19.77,19.07,20.2,19.71]}