{"Year":[2010,2011,2012,2013,2014,2015,2016,2017,2018,2019,2010,2011,2012,2013,2014,2015,2016,2017,2018,2019,2020],"Region":["Asturias","Asturias","Asturias","Asturias","Asturias","Asturias","Asturias","Asturias","Asturias","Asturias","Espa\u00f1a","Espa\u00f1a","Espa\u00f1a","Espa\u00f1a","Espa\u00f1a","Espa\u00f1a","Espa\u00f1a","Espa\u00f1a","Espa\u00f1a","Espa\u00f1a","Espa\u00f1a"],"Value":[0.7020251979,-1.0249497151,-3.6278261142,-2.394474977,0.5452023913,3.598446023,2.3864995178,2.9565350211,2.5002628693,1.6432297447,-0.26,-1.18,-3.02,-1.07,1.69,3.94,2.94,2.79,1.86,1.27,-11.29]}