{"Year":[2010,2011,2012,2013,2014,2015,2016,2017,2018,2019,2020,2010,2011,2012,2013,2014,2015,2016,2017,2018,2019,2020],"Region":["Asturias","Asturias","Asturias","Asturias","Asturias","Asturias","Asturias","Asturias","Asturias","Asturias","Asturias","Espa\u00f1a","Espa\u00f1a","Espa\u00f1a","Espa\u00f1a","Espa\u00f1a","Espa\u00f1a","Espa\u00f1a","Espa\u00f1a","Espa\u00f1a","Espa\u00f1a","Espa\u00f1a"],"Value":[17.3047897514,17.1980822377,17.3797349166,17.6235311471,13.3656537888,13.0954808021,14.7340210757,12.9261164958,11.2982906202,10.9092374741,12.0752056999,17.81,18.25,18.6,18.63,17.14,15.64,14.61,13.32,12.45,12.13,13.88]}