{"Year":[2010,2011,2012,2013,2014,2015,2016,2017,2018,2019,2010,2011,2012,2013,2014,2015,2016,2017,2018,2019,2020],"Region":["Asturias","Asturias","Asturias","Asturias","Asturias","Asturias","Asturias","Asturias","Asturias","Asturias","Espa\u00f1a","Espa\u00f1a","Espa\u00f1a","Espa\u00f1a","Espa\u00f1a","Espa\u00f1a","Espa\u00f1a","Espa\u00f1a","Espa\u00f1a","Espa\u00f1a","Espa\u00f1a"],"Value":[13.371722016,12.7982001243,12.0064342756,12.3491328996,12.1168714833,12.2094204132,11.8593903523,12.2976954601,12.2306818241,12.0235771251,11.53,11.44,11.09,11.14,11.22,11.3,11.22,11.52,11.13,10.97,10.82]}