{"Year":[2010,2011,2012,2013,2014,2015,2016,2017,2018,2019,2020,2010,2011,2012,2013,2014,2015,2016,2017,2018,2019,2020],"Region":["Asturias","Asturias","Asturias","Asturias","Asturias","Asturias","Asturias","Asturias","Asturias","Asturias","Asturias","Espa\u00f1a","Espa\u00f1a","Espa\u00f1a","Espa\u00f1a","Espa\u00f1a","Espa\u00f1a","Espa\u00f1a","Espa\u00f1a","Espa\u00f1a","Espa\u00f1a","Espa\u00f1a"],"Value":[12.4757281553,11.9053549191,12.6926090363,12.4796968056,13.6327398352,12.6794258373,12.9759129759,12.819216182,12.1969890278,12.0413436693,11.9128837575,12.85,12.76,12.61,12.36,12.35,12.45,12.45,12.71,12.65,12.61,12.66]}